Name,Image,DIY,Buy,Sell,Color 1,Color 2,Size,Size Category,Exchange Price,Exchange Currency,Source,Source Notes,Season/Event,Season/Event Exclusive,HHA Base Points,HHA Concept 1,HHA Concept 2,HHA Series,Tag,Catalog,Version Added,Unlocked?,Filename,Internal ID,Unique Entry ID
acorn rug,#REF!,Yes,NFS,2400,Brown,Beige,3x3,Medium,NA,NA,Crafting,,acorns and pine cones,Yes,201,nature,None,tree's bounty or leaves,Park Rugs,Not for sale,2.0.0,Yes,RugOtherAcornM00,12335,Y2BtGdBHjHDAZ5aMi
aluminum rug,#REF!,No,1500,375,Gray,Gray,3x2,Medium,NA,NA,Saharah; Saharah's Co-op,,NA,NA,137,garden,outdoors,None,Slender Rugs,For sale,1.0.0,Yes,RugRectAluminumM00,7356,vFkuGbx8Sh2MDLEsq
apple rug,#REF!,Yes,NFS,1200,Red,Red,3x3,Medium,NA,NA,Crafting,,NA,NA,103,fancy,child's room,fruits,Fruit Rugs,Not for sale,1.0.0,Yes,RugOtherAppleM00,7327,5GsjYsaz9NDtQ6QFB
Bell-bag rug,#REF!,No,NFS,6000,Yellow,Yellow,3x3,Medium,1200,Nook Miles,Nintendo; Nook Miles Redemption,Mailed to players after the 1.2.0 update in a letter from Bank of Nook,NA,NA,151,expensive,None,None,Park Rugs,Not for sale,1.2.0,Yes,RugOtherBellM00,12214,KfRapmYKpizqQWzCg
black blocks rug,#REF!,No,1500,375,Black,Gray,3x3,Medium,NA,NA,Saharah; Saharah's Co-op,,NA,NA,137,living room,None,None,Pattern Rugs,For sale,1.0.0,Yes,RugSquareBlockM03,11104,4kj8FXzMTqvZvqEra
black wooden-deck rug,#REF!,No,1500,375,Black,Black,3x2,Medium,NA,NA,Saharah; Saharah's Co-op,,NA,NA,137,outdoors,garden,None,Wood Rugs,For sale,1.0.0,Yes,RugRectDeckM03,7382,kQDKkEGfdAjqPxd4w
black-design kitchen mat,#REF!,No,1000,250,Black,Orange,2x1,Small,NA,NA,Saharah; Saharah's Co-op,,NA,NA,89,kitchen,None,None,Kitchen Rugs,For sale,1.0.0,Yes,RugRectNativeKitchenS03,7594,G7CAPiAEpYv6QKbsL
blue argyle rug,#REF!,No,2000,500,Blue,Green,4x3,Large,NA,NA,Saharah; Saharah's Co-op,,NA,NA,253,living room,expensive,None,Slender Pattern Rugs,For sale,1.0.0,Yes,RugRectArgyleL02,8467,uw8DvCwwBia7ozA72
blue blocks rug,#REF!,No,1500,375,Blue,Blue,3x3,Medium,NA,NA,Saharah; Saharah's Co-op,,NA,NA,137,living room,None,None,Pattern Rugs,For sale,1.0.0,Yes,RugSquareBlockM01,11102,Mjxd8kenDFZgTFXcm
blue dotted rug,#REF!,No,2000,500,Blue,Blue,4x3,Large,NA,NA,Saharah; Saharah's Co-op,,NA,NA,253,fancy,child's room,None,Slender Pattern Rugs,For sale,1.0.0,Yes,RugRectDotL03,7467,JAAx9zSMrjXKKw2ij
blue exercise mat,#REF!,No,1500,375,Blue,Blue,3x2,Medium,NA,NA,Saharah's Co-op,,NA,NA,137,sports,school,None,Slender Rugs,For sale,2.0.0,Yes,RugRectMatM01,12387,DdiGJyEREa2QAMXRM
blue Hawaiian quilt rug,#REF!,No,2000,500,Aqua,White,4x4,Large,NA,NA,Saharah's Co-op,,NA,NA,253,None,None,None,Pattern Rugs,For sale,2.0.0,Yes,RugSquareHawaiianL00,12391,L3nBtt43WwHPYTpDE
blue kilim-style carpet,#REF!,No,2000,500,Blue,Black,5x5,Large,NA,NA,Saharah; Saharah's Co-op,,NA,NA,253,living room,None,None,Pattern Rugs,For sale,1.0.0,Yes,RugSquareKirimL01,9316,MhvdxvmyKtddid2G2
blue kitchen mat,#REF!,No,1000,250,Blue,Blue,2x1,Small,NA,NA,Saharah; Saharah's Co-op,,NA,NA,89,kitchen,None,None,Kitchen Rugs,For sale,1.0.0,Yes,RugRectKitchenS02,8394,SLBDbK365pHRnKE5k
blue medium round mat,#REF!,No,1500,375,Blue,Blue,3x3,Medium,NA,NA,Saharah; Saharah's Co-op,,NA,NA,137,living room,child's room,None,Shaggy Round Rugs,For sale,1.0.0,Yes,RugRoundSimpleM02,9546,JfLKCbWRz4CozZYpH
blue message mat,#REF!,No,1000,250,Blue,Blue,2x1,Small,NA,NA,Saharah; Saharah's Co-op,,NA,NA,89,child's room,None,None,Message Mats,For sale,1.0.0,Yes,RugOtherMessageS01,9310,5grLuDzGkNL4DYk4r
blue Persian rug,#REF!,No,2000,500,Blue,Beige,5x5,Large,NA,NA,Saharah; Saharah's Co-op,,NA,NA,253,expensive,living room,None,Pattern Rugs,For sale,1.0.0,Yes,RugSquarePersianL01,8035,CDY97qjWg4xG6egyS
blue shaggy rug,#REF!,No,2000,500,Blue,Blue,5x5,Large,NA,NA,Saharah; Saharah's Co-op,,NA,NA,253,living room,None,None,Pattern Rugs,For sale,1.0.0,Yes,RugSquareShaggyL02,9564,v4ZJPY2ToZPHXp6KH
blue small round mat,#REF!,No,1000,250,Blue,Blue,2x2,Small,NA,NA,Saharah; Saharah's Co-op,,NA,NA,89,living room,child's room,None,Shaggy Round Rugs,For sale,1.0.0,Yes,RugRoundSimpleS02,9549,BxaqCsC7TqwGdHpib
blue stripes rug,#REF!,No,2000,500,Blue,White,4x3,Large,NA,NA,Saharah; Saharah's Co-op,,NA,NA,253,fancy,child's room,None,Slender Pattern Rugs,For sale,1.0.0,Yes,RugRectBorderL02,7533,dAHzKeTqwA9wD2yfa
blue vinyl sheet,#REF!,No,1500,375,Blue,Colorful,3x2,Medium,NA,NA,Saharah; Saharah's Co-op,,NA,NA,137,ocean,resort,None,Slender Pattern Rugs,For sale,1.0.0,Yes,RugRectVinylM01,7404,b8xZjiyqLPWJsgt73
blue wavy rug,#REF!,No,2000,500,Blue,Aqua,4x3,Large,NA,NA,Saharah; Saharah's Co-op,,NA,NA,253,living room,child's room,None,Slender Pattern Rugs,For sale,1.0.0,Yes,RugRectWaveL02,7458,SbRQxAyR7EZSRBb4j
blue wedding rug,#REF!,No,NFS,375,Aqua,Aqua,3x2,Medium,4,Heart Crystals,Cyrus,,Wedding Season,Yes,437,party,fancy,wedding,Slender Pattern Rugs,Not for sale,1.2.0,Yes,RugRectJuneBrideM00,12462,ghEfAZG8Lt5sb8nt3
blue-design kitchen mat,#REF!,No,1000,250,Blue,Black,2x1,Small,NA,NA,Saharah; Saharah's Co-op,,NA,NA,89,kitchen,None,None,Kitchen Rugs,For sale,1.0.0,Yes,RugRectNativeKitchenS01,7595,DiEHu3wPobZXzhhp8
bone entrance mat,#REF!,No,1000,250,Green,Green,2x1,Small,NA,NA,Saharah's Co-op,,NA,NA,89,living room,child's room,None,Icon Rugs,For sale,2.0.0,Yes,RugOtherBoneS00,12363,udGT7fiMezZW5ptrC
botanical rug,#REF!,No,2000,500,Green,Green,4x3,Large,NA,NA,Saharah; Saharah's Co-op,,NA,NA,253,living room,None,None,Slender Pattern Rugs,For sale,1.0.0,Yes,RugRectBotanicalL00,7353,nEqsaya7wt6FsWwDC
brown argyle rug,#REF!,No,2000,500,Brown,Yellow,4x3,Large,NA,NA,Saharah; Saharah's Co-op,,NA,NA,253,living room,expensive,None,Slender Pattern Rugs,For sale,1.0.0,Yes,RugRectArgyleL03,8468,yrQTuyQr2m6axKkr2
brown cow-print rug,#REF!,No,1500,375,Brown,White,3x2,Medium,NA,NA,Saharah's Co-op,,NA,NA,137,living room,expensive,None,Slender Pattern Rugs,For sale,2.0.0,Yes,RugOtherAnimalM00,14191,KJwqjJp9YWCALKSNd
brown kitchen mat,#REF!,No,1000,250,Brown,Brown,2x1,Small,NA,NA,Saharah; Saharah's Co-op,,NA,NA,89,kitchen,None,None,Kitchen Rugs,For sale,1.0.0,Yes,RugRectKitchenS00,7341,2ya9gAeftrSe4YSmE
brown shaggy rug,#REF!,No,2000,500,Brown,Brown,5x5,Large,NA,NA,Saharah; Saharah's Co-op,,NA,NA,253,living room,None,None,Pattern Rugs,For sale,1.0.0,Yes,RugSquareShaggyL01,9563,cAFej6s3C7T3DYykj
brown wooden-deck rug,#REF!,No,1500,375,Brown,Brown,3x2,Medium,NA,NA,Saharah; Saharah's Co-op,,NA,NA,137,outdoors,garden,None,Wood Rugs,For sale,1.0.0,Yes,RugRectDeckM00,7323,MSPQjkRRMRGNRTeEt
Bunny Day rug,#REF!,Yes,NFS,2400,Colorful,Colorful,3x3,Medium,NA,NA,Crafting,,Bunny Day (days before); Bunny Day,Yes,351,fancy,child's room,Bunny Day,Icon Rugs,Not for sale,1.1.0,Yes,RugOtherEasterM00,7546,6tC8Zhswobdah6ftE
cherry rug,#REF!,Yes,NFS,1200,Red,Red,3x3,Medium,NA,NA,Crafting,,NA,NA,103,fancy,child's room,fruits,Fruit Rugs,Not for sale,1.0.0,Yes,RugOtherCherryM00,7328,R9Bxb8FQw7Fj2YuCa
cherry-blossom rug,#REF!,Yes,NFS,2400,Pink,Pink,3x3,Medium,NA,NA,Crafting,,cherry-blossom petals,Yes,103,fancy,harmonious,cherry blossoms,Icon Rugs,Not for sale,2.0.0,Yes,RugOtherSakuraM00,12351,CcifD7vuYJm5bwrZ5
Cinnamoroll rug,#REF!,No,1500,375,White,Aqua,3x3,Medium,NA,NA,Nook Shopping Promotion,Scan the associated Sanrio amiibo card,NA,NA,201,fancy,child's room,Cinnamoroll,Sanrio Rugs,Not in catalog,1.9.0,Yes,RugOtherCinnamonM00,12288,QGLTyMNpsBoKRTcZ7
coconut mat,#REF!,No,1000,250,Brown,Brown,2x1,Small,NA,NA,Saharah's Co-op,,NA,NA,89,café,None,None,Slender Rugs,For sale,2.0.0,Yes,RugRectCoconutmatS00,13057,EjrmBRgYWehusZa2N
colorful vinyl sheet,#REF!,No,1500,375,Colorful,Colorful,3x2,Medium,NA,NA,Saharah; Saharah's Co-op,,NA,NA,137,ocean,resort,None,Slender Pattern Rugs,For sale,1.0.0,Yes,RugRectVinylM00,7359,FAAQgrJJM4svoYJb8
cookie rug,#REF!,No,1500,375,Orange,Yellow,3x3,Medium,NA,NA,Saharah's Co-op,,NA,NA,137,None,None,None,Icon Rugs,For sale,2.0.0,Yes,RugRoundBiscuitM00,12219,fZLyR8EQBdjPaM3DL
dark bamboo bath mat,#REF!,Yes,NFS,480,Brown,Brown,2x1,Small,NA,NA,Crafting,,NA,NA,103,harmonious,public bath,bamboo,Wood Rugs,Not for sale,2.0.0,Yes,RugRectBambooS01,12400,Zsefv3Y8qxYqEy3HE
dark bamboo rug,#REF!,Yes,NFS,960,Brown,Brown,3x2,Medium,NA,NA,Crafting,,NA,NA,103,harmonious,retro,bamboo,Wood Rugs,Not for sale,1.0.0,Yes,RugRectBambooM01,11114,yC3qR56GTSs3PZuJi
dark square tile,#REF!,No,1000,250,Black,Black,2x2,Small,NA,NA,Saharah's Co-op,,NA,NA,89,living room,facility,None,Wood Rugs,For sale,2.0.0,Yes,RugSquareWoodS03,13592,RTxLCmZR43xEhpShK
dark stones rug,#REF!,No,1000,250,Black,Black,2x2,Small,NA,NA,Saharah's Co-op,,NA,NA,89,garden,European,None,Pattern Rugs,For sale,2.0.0,Yes,RugSquareStoneS01,13594,bJHqqykWdvmzJ9EJT
dark-wood flooring sheet,#REF!,No,1000,250,Brown,Brown,2x1,Small,NA,NA,Saharah's Co-op,,NA,NA,89,shop,apparel shop,None,Wood Rugs,For sale,2.0.0,Yes,RugRectDisplayStandS02,14039,x2syTNwYeaW4Mxq87
dark-wood flooring tile,#REF!,No,1000,250,Brown,Brown,1x1,Small,NA,NA,Saharah's Co-op,,NA,NA,89,apparel shop,facility,None,Wood Rugs,For sale,2.0.0,Yes,RugSquareDisplayStandS02,14036,4mY6nD2swycxSXQku
Earth rug,#REF!,No,1500,375,Blue,White,3x3,Medium,NA,NA,Saharah; Saharah's Co-op,,NA,NA,137,space,sci-fi,None,Icon Rugs,For sale,1.0.0,Yes,RugRoundEarthM00,7357,RPF9JQeXN8cD4afuE
elegant beige rug,#REF!,No,2000,500,Beige,Beige,4x4,Large,NA,NA,Saharah's Co-op,,NA,NA,253,None,None,None,Pattern Rugs,For sale,2.0.0,Yes,RugSquareElegantL01,14144,uz8vNGT54vMG3XjvJ
elegant black rug,#REF!,No,2000,500,Black,Black,4x4,Large,NA,NA,Saharah's Co-op,,NA,NA,253,None,None,None,Pattern Rugs,For sale,2.0.0,Yes,RugSquareElegantL02,14146,FqtWjzFN4t2zfbSFw
elegant blue rug,#REF!,No,2000,500,Blue,Aqua,4x4,Large,NA,NA,Saharah's Co-op,,NA,NA,253,None,None,None,Pattern Rugs,For sale,2.0.0,Yes,RugSquareElegantL03,14145,Lrv8sqJR58fnEBoCH
elegant brown rug,#REF!,No,2000,500,Brown,Brown,4x4,Large,NA,NA,Saharah's Co-op,,NA,NA,253,None,None,None,Pattern Rugs,For sale,2.0.0,Yes,RugSquareElegantL00,14012,TFoCKovb9EWhomZRA
festive rug,#REF!,Yes,NFS,1500,Brown,Colorful,4x4,Large,NA,NA,Crafting,,ornaments,Yes,201,party,fancy,festive,Pattern Rugs,Not for sale,1.6.0,Yes,RugSquareChristmasL00,7544,gtnhB8Je9YTRgmJgE
fish rug,#REF!,No,NFS,375,Aqua,Aqua,3x3,Medium,NA,NA,C.J.,,Fishing Tourney (Spring); Fishing Tourney (Summer); Fishing Tourney (Fall); Fishing Tourney (Winter),Yes,501,ocean,child's room,None,Icon Rugs,Not for sale,1.0.0,Yes,RugOtherFishM00,7361,iWb2Ca8YMDYnpyDrx
fluffy rug,#REF!,No,1500,375,White,White,3x3,Medium,NA,NA,Saharah; Saharah's Co-op,,NA,NA,137,fancy,child's room,None,Icon Rugs,For sale,1.0.0,Yes,RugOtherCloudM00,7329,DKPzh943uZYKHKsX7
football rug,#REF!,No,2000,500,Brown,White,3x3,Medium,NA,NA,Nook Shopping Seasonal,,Big Game Celebration,Yes,201,fitness,child's room,None,Icon Rugs,Seasonal,1.7.0,Yes,RugOtherFootballM00,13904,r5zaZS3Ar6oHTkTGM
fossil rug,#REF!,No,1500,375,Purple,White,3x3,Medium,NA,NA,Saharah; Saharah's Co-op,,NA,NA,137,fancy,child's room,None,Park Rugs,For sale,1.0.0,Yes,RugOtherFossilM00,7366,P2tKuDsb8sxfpKXh3
frozen floor tiles,#REF!,Yes,NFS,3200,Aqua,Aqua,2x2,Small,NA,NA,Crafting,,snowflakes,Yes,103,freezing cold,None,frozen,Pattern Rugs,Not for sale,2.0.0,Yes,RugSquareIceS00,13572,RLGupv2AHKtPZSiMu
glowing-moss rug,#REF!,Yes,NFS,300,Green,Green,3x2,Medium,NA,NA,Crafting,,NA,NA,103,nature,fantasy,None,Slender Pattern Rugs,Not for sale,2.0.0,Yes,RugRectGlowMossM00,13877,h4TbbaAX8yuK99GcD
gray brick rug,#REF!,No,1000,250,Gray,Gray,2x2,Small,NA,NA,Saharah's Co-op,,NA,NA,89,garden,European,None,Pattern Rugs,For sale,2.0.0,Yes,RugSquareBrickS01,13597,ioDyQEaC2DhRyXQ67
gray floor tiles,#REF!,No,1000,250,Black,Black,2x2,Small,NA,NA,Saharah's Co-op,,NA,NA,89,living room,facility,None,Pattern Rugs,For sale,2.0.0,Yes,RugSquareTileS00,13566,BwxnCvAdHi2ipphjj
green bamboo mat,#REF!,Yes,NFS,480,Green,Green,2x1,Small,NA,NA,Crafting,,NA,NA,201,harmonious,garden,bamboo,Kitchen Rugs,Not for sale,2.0.0,Yes,RugRectBambooBathmatS00,12329,ZB86Sp2wk7jjmPFf8
green checked rug,#REF!,No,2000,500,Green,Purple,4x4,Large,NA,NA,Saharah; Saharah's Co-op,,NA,NA,253,living room,child's room,None,Pattern Rugs,For sale,1.0.0,Yes,RugSquareCheckQuiltL03,7464,hAYpTXLShJh7p5gcB
green exercise mat,#REF!,No,1500,375,Green,Green,3x2,Medium,NA,NA,Saharah's Co-op,,NA,NA,137,sports,school,None,Slender Rugs,For sale,2.0.0,Yes,RugRectMatM02,12388,x2HEgGGPNS9b5tgGD
green exquisite rug,#REF!,No,1000,250,Green,Yellow,2x1,Small,NA,NA,Saharah's Co-op,,NA,NA,89,harmonious,restaurant,None,Slender Pattern Rugs,For sale,2.0.0,Yes,RugRectChinamatS01,12221,HSAXrcHbfgF4KEG5F
green Hawaiian quilt rug,#REF!,No,2000,500,Green,White,4x4,Large,NA,NA,Saharah's Co-op,,NA,NA,253,None,None,None,Pattern Rugs,For sale,2.0.0,Yes,RugSquareHawaiianL03,12392,KosWdPvmbZa9LCDn8
green kilim-style carpet,#REF!,No,2000,500,Green,Green,5x5,Large,NA,NA,Saharah; Saharah's Co-op,,NA,NA,253,living room,None,None,Pattern Rugs,For sale,1.0.0,Yes,RugSquareKirimL02,9314,86w3TxnYsZLSzeX2q
green kitchen mat,#REF!,No,1000,250,Green,Green,2x1,Small,NA,NA,Saharah; Saharah's Co-op,,NA,NA,89,kitchen,None,None,Kitchen Rugs,For sale,1.0.0,Yes,RugRectKitchenS03,8393,QpRcMgKRTNvayFdy9
green shaggy rug,#REF!,No,2000,500,Green,Green,5x5,Large,NA,NA,Saharah; Saharah's Co-op,,NA,NA,253,living room,None,None,Pattern Rugs,For sale,1.0.0,Yes,RugSquareShaggyL00,7354,hNWup2nSxzMMsGfyy
green stripes rug,#REF!,No,2000,500,Green,White,4x3,Large,NA,NA,Saharah; Saharah's Co-op,,NA,NA,253,fancy,child's room,None,Slender Pattern Rugs,For sale,1.0.0,Yes,RugRectBorderL03,7534,DEEzqeCYXaxA8i63W
Hello Kitty rug,#REF!,No,1500,375,White,Red,3x3,Medium,NA,NA,Nook Shopping Promotion,Scan the associated Sanrio amiibo card,NA,NA,201,fancy,child's room,Hello Kitty,Sanrio Rugs,Not in catalog,1.9.0,Yes,RugOtherKittyM00,12291,gk42LeDJJsjsTeGfv
imperial rug,#REF!,No,2000,500,Red,Red,4x4,Large,NA,NA,Saharah's Co-op,,NA,NA,253,harmonious,restaurant,None,Pattern Rugs,For sale,2.0.0,Yes,RugSquareChinaL00,12395,ggoGewuex9epXNZaB
iron entrance mat,#REF!,No,1000,250,Black,Black,2x1,Small,NA,NA,Saharah; Saharah's Co-op,,NA,NA,89,shop,café,iron,Slender Rugs,For sale,1.0.0,Yes,RugRectIronmatS00,7337,KaHhjd5QbpmmmhkCg
ivory medium round mat,#REF!,No,1500,375,Beige,White,3x3,Medium,NA,NA,Saharah; Saharah's Co-op,,NA,NA,137,living room,child's room,None,Shaggy Round Rugs,For sale,1.0.0,Yes,RugRoundSimpleM00,7325,ucw27wEffTFj9DK4v
ivory simple bath mat,#REF!,No,1000,250,Beige,Beige,2x1,Small,NA,NA,Saharah; Saharah's Co-op,,NA,NA,89,bathroom,public bath,None,Slender Rugs,For sale,1.0.0,Yes,RugRectBathmatS00,7333,iFx2DHj9qJsY8vzsT
ivory small round mat,#REF!,No,1000,250,Beige,White,2x2,Small,NA,NA,Saharah; Saharah's Co-op,,NA,NA,89,living room,child's room,None,Shaggy Round Rugs,For sale,1.0.0,Yes,RugRoundSimpleS00,7334,8to7AD6FkrkZkaKX5
Kerokerokeroppi rug,#REF!,No,1500,375,Green,Beige,3x3,Medium,NA,NA,Nook Shopping Promotion,Scan the associated Sanrio amiibo card,NA,NA,201,garden,harmonious,Kerokerokeroppi,Sanrio Rugs,Not in catalog,1.9.0,Yes,RugRoundKeroppiM00,12289,smABvGpiNirHZ449q
Kiki & Lala rug,#REF!,No,1500,375,Pink,Aqua,3x3,Medium,NA,NA,Nook Shopping Promotion,Scan the associated Sanrio amiibo card,NA,NA,201,fancy,child's room,Kiki & Lala,Sanrio Rugs,Not in catalog,1.9.0,Yes,RugOtherKikilalaM00,12290,7t6nDHA4oEok4fjPr
lacy rug,#REF!,No,1500,375,Beige,White,3x3,Medium,NA,NA,Saharah; Saharah's Co-op,,NA,NA,137,fancy,expensive,None,Shaggy Round Rugs,For sale,1.0.0,Yes,RugRoundLaceM00,7368,bzWc6Hh3tAnYcgh3f
ladybug rug,#REF!,No,NFS,375,Red,Black,3x3,Medium,NA,NA,Flick,,Bug-Off (1); Bug-Off (2); Bug-Off (3); Bug-Off (4),Yes,501,fancy,child's room,None,Icon Rugs,Not for sale,1.0.0,Yes,RugRoundLadybirdM00,7360,T7T3r6GJqfhndy5xp
Lakitu's Cloud rug,#REF!,No,1500,375,White,White,3x3,Medium,NA,NA,Nook Shopping Promotion,Not available before March 1st 2021,NA,NA,201,fancy,child's room,Mario,Icon Rugs,Not in catalog,1.8.0,Yes,RugOtherMarioBM00,13873,H66iRYRxAHNP8bZdf
large Paradise Planning rug,#REF!,No,NFS,500,Red,Red,4x4,Large,1800,Poki,Wardell,,Happy Home Paradise,Yes,151,None,None,None,Pattern Rugs,Not for sale,2.0.0,Yes,RugSquarePatternL00,14706,9Nsr7mTBvgd4R7sxR
light bamboo bath mat,#REF!,Yes,NFS,1200,Beige,Brown,2x1,Small,NA,NA,Crafting,,young spring bamboo,Yes,201,harmonious,public bath,bamboo,Wood Rugs,Not for sale,2.0.0,Yes,RugRectBambooS00,12399,c8ssiZHTGjWaSrBtw
light bamboo rug,#REF!,Yes,NFS,2400,Beige,Brown,3x2,Medium,NA,NA,Crafting,,young spring bamboo,Yes,201,harmonious,retro,bamboo,Wood Rugs,Not for sale,1.0.0,Yes,RugRectBambooM00,11113,c34AemWJDW8WvYGrm
light square tile,#REF!,No,1000,250,Beige,Beige,2x2,Small,NA,NA,Saharah's Co-op,,NA,NA,89,living room,facility,None,Wood Rugs,For sale,2.0.0,Yes,RugSquareWoodS00,13568,iTXijyHZredEYXZDZ
light stones rug,#REF!,No,1000,250,Gray,Gray,2x2,Small,NA,NA,Saharah's Co-op,,NA,NA,89,garden,European,None,Pattern Rugs,For sale,2.0.0,Yes,RugSquareStoneS00,13567,MPfMGMqdjmur7L67z
light-brown cow-print rug,#REF!,No,1500,375,Brown,White,3x2,Medium,NA,NA,Saharah's Co-op,,NA,NA,137,living room,expensive,None,Slender Pattern Rugs,For sale,2.0.0,Yes,RugOtherAnimalM01,14245,oe9tHv9xzH3pgEPvJ
light-wood flooring sheet,#REF!,No,1000,250,Beige,Beige,2x1,Small,NA,NA,Saharah's Co-op,,NA,NA,89,shop,apparel shop,None,Wood Rugs,For sale,2.0.0,Yes,RugRectDisplayStandS00,13860,E2TyniSoRxLaPTe7P
light-wood flooring tile,#REF!,No,1000,250,Beige,Beige,1x1,Small,NA,NA,Saharah's Co-op,,NA,NA,89,apparel shop,facility,None,Wood Rugs,For sale,2.0.0,Yes,RugSquareDisplayStandS00,13861,3oPdNhD9Q9ueWso2N
magic-circle rug,#REF!,No,1500,375,Purple,Purple,3x3,Medium,NA,NA,Saharah; Saharah's Co-op,,NA,NA,137,horror,None,None,Shaggy Round Rugs,For sale,1.0.0,Yes,RugRoundMagicM00,7367,77PHyfuxLmPTgriT2
maple-leaf rug,#REF!,Yes,NFS,2400,Red,Orange,3x3,Medium,NA,NA,Crafting,,maple leaves,Yes,201,harmonious,garden,tree's bounty or leaves,Icon Rugs,Not for sale,2.0.0,Yes,RugOtherMapleM00,12390,2SeNZcru6oTK6S8YJ
mermaid rug,#REF!,Yes,NFS,10360,Aqua,Pink,3x3,Medium,NA,NA,Crafting,,NA,NA,451,ocean,fancy,mermaid,Icon Rugs,Not for sale,1.3.0,Yes,RugOtherMermaidM00,12563,WfJHsYQ4KETP2yDEs
modern wavy rug,#REF!,No,2000,500,Colorful,Colorful,4x3,Large,NA,NA,Saharah; Saharah's Co-op,,NA,NA,253,living room,child's room,None,Slender Pattern Rugs,For sale,1.0.0,Yes,RugRectWaveL00,7350,tfdJqWZ2ETosBdHem
Mom's cool kitchen mat,#REF!,No,NFS,88,Aqua,Aqua,2x1,Small,NA,NA,Mom,Received in November in the Northern Hemisphere and received in May in the Southern Hemisphere,NA,NA,365,fancy,kitchen,motherly,Kitchen Rugs,Not for sale,1.0.0,Yes,RugRectMomS00,7402,QR6HWdrKgLeoFAkzR
Mom's lively kitchen mat,#REF!,No,NFS,88,Yellow,Yellow,2x1,Small,NA,NA,Mom,Received in November in the Northern Hemisphere and received in May in the Southern Hemisphere,NA,NA,365,fancy,kitchen,motherly,Kitchen Rugs,Not for sale,1.0.0,Yes,RugRectMomS02,9543,MvLXeraTpCoKRqmWA
Mom's playful kitchen mat,#REF!,No,NFS,88,Pink,Pink,2x1,Small,NA,NA,Mom,Received in November in the Northern Hemisphere and received in May in the Southern Hemisphere,NA,NA,365,fancy,kitchen,motherly,Kitchen Rugs,Not for sale,1.0.0,Yes,RugRectMomS01,9542,3F5HHssaHXMit7YMH
Mom's reliable kitchen mat,#REF!,No,NFS,88,Purple,Purple,2x1,Small,NA,NA,Mom,Received in November in the Northern Hemisphere and received in May in the Southern Hemisphere,NA,NA,365,fancy,kitchen,motherly,Kitchen Rugs,Not for sale,1.0.0,Yes,RugRectMomS03,9541,pe2KbbDbmkWPyd56c
monochromatic dotted rug,#REF!,No,2000,500,Black,White,4x3,Large,NA,NA,Saharah; Saharah's Co-op,,NA,NA,253,fancy,child's room,None,Slender Pattern Rugs,For sale,1.0.0,Yes,RugRectDotL00,7349,n7kdsLeGa9sFzPfYR
monochromatic wavy rug,#REF!,No,2000,500,Black,White,4x3,Large,NA,NA,Saharah; Saharah's Co-op,,NA,NA,253,living room,child's room,None,Slender Pattern Rugs,For sale,1.0.0,Yes,RugRectWaveL01,7456,KEQx7PcEYYP5C8QGW
moon rug,#REF!,No,2000,500,Yellow,Yellow,3x3,Medium,NA,NA,Nook Shopping Seasonal,,Moon-Viewing Day,Yes,201,space,harmonious,stars,Shaggy Round Rugs,Seasonal,1.4.0,Yes,RugRoundMoonM00,13287,ZSc6ADmEcAnG92DWv
mush rug,#REF!,No,1500,375,Red,Red,3x3,Medium,NA,NA,Saharah; Saharah's Co-op,,NA,NA,137,fancy,child's room,mush,Icon Rugs,For sale,1.0.0,Yes,RugOtherMushM00,7363,deKdNh2bu4udJ5zYx
My Melody rug,#REF!,No,1500,375,Pink,White,3x3,Medium,NA,NA,Nook Shopping Promotion,Scan the associated Sanrio amiibo card,NA,NA,201,fancy,child's room,My Melody,Sanrio Rugs,Not in catalog,1.9.0,Yes,RugOtherMymelodyM00,12292,yrbMifhEWhbM6A7nv
natural wooden-deck rug,#REF!,No,1500,375,Brown,Brown,3x2,Medium,NA,NA,Saharah; Saharah's Co-op,,NA,NA,137,outdoors,garden,None,Wood Rugs,For sale,1.0.0,Yes,RugRectDeckM01,7380,4xyhHztk2b3GbRKu6
natural-wood flooring sheet,#REF!,No,1000,250,Beige,Beige,2x1,Small,NA,NA,Saharah's Co-op,,NA,NA,89,shop,apparel shop,None,Wood Rugs,For sale,2.0.0,Yes,RugRectDisplayStandS01,14040,AZNySSdAmQkzWn6XX
natural-wood flooring tile,#REF!,No,1000,250,Beige,Beige,1x1,Small,NA,NA,Saharah's Co-op,,NA,NA,89,apparel shop,facility,None,Wood Rugs,For sale,2.0.0,Yes,RugSquareDisplayStandS01,14037,pfHmxKED8rbMj57XC
natural-wood square tile,#REF!,No,1000,250,Brown,Brown,2x2,Small,NA,NA,Saharah's Co-op,,NA,NA,89,living room,facility,None,Wood Rugs,For sale,2.0.0,Yes,RugSquareWoodS02,13593,yhxQcsvCcLgMFcCmN
Nook Inc. botanical rug,#REF!,No,NFS,5000,Yellow,Green,3x3,Medium,1000,Nook Miles,Nook Miles Redemption,,NA,NA,151,fancy,living room,None,Park Rugs,Not for sale,1.1.0,Yes,RugOtherTanukiM00,12325,WiHenFMXuxj7q2rgq
Nook Inc. rug,#REF!,No,NFS,5000,Green,Green,3x3,Medium,1000,Nook Miles,Nook Miles Redemption,,NA,NA,151,fancy,child's room,None,Park Rugs,Not for sale,1.0.0,Yes,RugOtherLeafM00,7364,HFmdcXn43ApSRKdk4
Nook Inc. silk rug,#REF!,No,NFS,3000,Green,Green,4x3,Large,600,Nook Miles,Nook Miles Redemption,Requires a Nintendo Switch Online membership,NA,NA,89,facility,shop,None,Slender Pattern Rugs,Not for sale,1.1.0,Yes,RugRectTanukiL00,12396,XQ72LLzAakWbavKFr
orange rug,#REF!,Yes,NFS,1200,Orange,Orange,3x3,Medium,NA,NA,Crafting,,NA,NA,103,fancy,child's room,fruits,Fruit Rugs,Not for sale,1.0.0,Yes,RugOtherOrangeM00,7330,cXGa9CDpwXcCMzQw2
oval entrance mat,#REF!,No,1000,250,Blue,Blue,2x1,Small,NA,NA,Saharah; Saharah's Co-op,,NA,NA,89,living room,None,None,Slender Rugs,For sale,1.0.0,Yes,RugOtherCountryS00,7370,TJaw3inQooLN9DXGt
peach checked rug,#REF!,No,2000,500,Pink,Aqua,4x4,Large,NA,NA,Saharah; Saharah's Co-op,,NA,NA,253,living room,child's room,None,Pattern Rugs,For sale,1.0.0,Yes,RugSquareCheckQuiltL02,7463,QLtQLYyCeg7A28tzC
peach rug,#REF!,Yes,NFS,1200,Pink,Pink,3x3,Medium,NA,NA,Crafting,,NA,NA,103,fancy,child's room,fruits,Fruit Rugs,Not for sale,1.0.0,Yes,RugOtherPeachM00,7331,tqGgxHpeDfRCGRrjY
peach stripes rug,#REF!,No,2000,500,Pink,White,4x3,Large,NA,NA,Saharah; Saharah's Co-op,,NA,NA,253,fancy,child's room,None,Slender Pattern Rugs,For sale,1.0.0,Yes,RugRectBorderL01,7532,LGhZCR8PgGQJYqST9
pear rug,#REF!,Yes,NFS,1200,Green,Green,3x3,Medium,NA,NA,Crafting,,NA,NA,103,fancy,child's room,fruits,Fruit Rugs,Not for sale,1.0.0,Yes,RugOtherPearM00,7332,hLakk5wPNF2RHRCHR
pink Hawaiian quilt rug,#REF!,No,2000,500,Pink,White,4x4,Large,NA,NA,Saharah's Co-op,,NA,NA,253,None,None,None,Pattern Rugs,For sale,2.0.0,Yes,RugSquareHawaiianL02,12393,SRMw5MpysCbKEKg8t
pink heart rug,#REF!,No,1500,375,Pink,Pink,3x3,Medium,NA,NA,Saharah; Saharah's Co-op,,NA,NA,137,fancy,child's room,None,Heart Rugs,For sale,1.0.0,Yes,RugOtherHeartM00,7322,TY5kKqhPpxgifmRJF
pink rose rug,#REF!,No,1500,375,Pink,Pink,3x3,Medium,NA,NA,Saharah; Saharah's Co-op,,NA,NA,137,fancy,expensive,None,Rose Rug,For sale,1.0.0,Yes,RugOtherRoseM00,7365,adYBsXgG3etWwtsds
pirate rug,#REF!,No,NFS,375,Beige,Beige,3x2,Medium,NA,NA,Gullivarrr,,NA,NA,451,ocean,horror,pirate,Slender Pattern Rugs,Not for sale,1.3.0,Yes,RugRectPiratesM00,12564,RPasRWt9A7bb4h4yv
Pompompurin rug,#REF!,No,1500,375,Yellow,Yellow,3x3,Medium,NA,NA,Nook Shopping Promotion,Scan the associated Sanrio amiibo card,NA,NA,201,fancy,child's room,Pompompurin,Sanrio Rugs,Not in catalog,1.9.0,Yes,RugOtherPurinM00,12293,updiXar2svW2mCdva
purple heart rug,#REF!,No,1500,375,Purple,Pink,3x3,Medium,NA,NA,Saharah; Saharah's Co-op,,NA,NA,137,fancy,child's room,None,Heart Rugs,For sale,1.0.0,Yes,RugOtherHeartM02,7580,LzB8y9NY5cwZJETQy
purple Persian rug,#REF!,No,2000,500,Purple,Beige,5x5,Large,NA,NA,Saharah; Saharah's Co-op,,NA,NA,253,expensive,living room,None,Pattern Rugs,For sale,1.0.0,Yes,RugSquarePersianL03,8037,QzKyWFwcBF6DNoMQS
purple shaggy rug,#REF!,No,2000,500,Purple,Purple,5x5,Large,NA,NA,Saharah; Saharah's Co-op,,NA,NA,253,living room,None,None,Pattern Rugs,For sale,1.0.0,Yes,RugSquareShaggyL03,9562,jYsKTqR44uCHSGbnE
record rug,#REF!,No,1500,375,Black,Red,3x3,Medium,NA,NA,Saharah's Co-op,,NA,NA,137,None,None,None,Icon Rugs,For sale,2.0.0,Yes,RugRoundRecordM00,12328,qj27J9JpEkG9g25Rm
red argyle rug,#REF!,No,2000,500,Red,Red,4x3,Large,NA,NA,Saharah; Saharah's Co-op,,NA,NA,253,living room,expensive,None,Slender Pattern Rugs,For sale,1.0.0,Yes,RugRectArgyleL01,8466,JcnvagFXFrtRojuX5
red blocks rug,#REF!,No,1500,375,Red,Red,3x3,Medium,NA,NA,Saharah; Saharah's Co-op,,NA,NA,137,living room,None,None,Pattern Rugs,For sale,1.0.0,Yes,RugSquareBlockM00,11101,PWaKA8fJZfRLdgBjP
red brick rug,#REF!,No,1000,250,Red,Brown,2x2,Small,NA,NA,Saharah's Co-op,,NA,NA,89,garden,European,None,Pattern Rugs,For sale,2.0.0,Yes,RugSquareBrickS00,13571,8NahbkoGyfbwoySfM
red carpet,#REF!,No,1500,375,Red,Red,3x2,Medium,NA,NA,Saharah; Saharah's Co-op,,NA,NA,137,expensive,party,None,Slender Rugs,For sale,1.0.0,Yes,RugRectElegantM00,7348,DrZgYBvviB7CGP3nx
red dotted rug,#REF!,No,2000,500,Red,Red,4x3,Large,NA,NA,Saharah; Saharah's Co-op,,NA,NA,253,fancy,child's room,None,Slender Pattern Rugs,For sale,1.0.0,Yes,RugRectDotL02,7465,6KoyAtx4QA2BuXKea
red exercise mat,#REF!,No,1500,375,Red,Red,3x2,Medium,NA,NA,Saharah's Co-op,,NA,NA,137,sports,school,None,Slender Rugs,For sale,2.0.0,Yes,RugRectMatM03,12389,NaSNe8vRWZbAZoebM
red exquisite rug,#REF!,No,1000,250,Red,Red,2x1,Small,NA,NA,Saharah's Co-op,,NA,NA,89,harmonious,restaurant,None,Slender Pattern Rugs,For sale,2.0.0,Yes,RugRectChinamatS00,12220,Nn6qx5QZw239ML4j2
red kilim-style carpet,#REF!,No,2000,500,Red,Red,5x5,Large,NA,NA,Saharah; Saharah's Co-op,,NA,NA,253,living room,None,None,Pattern Rugs,For sale,1.0.0,Yes,RugSquareKirimL00,9313,dhvJNNbRm9qDxXrpJ
red medium round mat,#REF!,No,1500,375,Red,Red,3x3,Medium,NA,NA,Saharah; Saharah's Co-op,,NA,NA,137,living room,child's room,None,Shaggy Round Rugs,For sale,1.0.0,Yes,RugRoundSimpleM01,9545,Ev2FGNQPGqW8Nn7fk
red message mat,#REF!,No,1000,250,Red,Red,2x1,Small,NA,NA,Saharah; Saharah's Co-op,,NA,NA,89,child's room,None,None,Message Mats,For sale,1.0.0,Yes,RugOtherMessageS03,9312,uYJPL9oP3tgpZHNhL
red Persian rug,#REF!,No,2000,500,Red,Beige,5x5,Large,NA,NA,Saharah; Saharah's Co-op,,NA,NA,253,expensive,living room,None,Pattern Rugs,For sale,1.0.0,Yes,RugSquarePersianL00,7347,ToTG8debi3YH93yqJ
red rose rug,#REF!,No,1500,375,Red,Red,3x3,Medium,NA,NA,Saharah; Saharah's Co-op,,NA,NA,137,fancy,expensive,flowers,Rose Rug,For sale,1.0.0,Yes,RugOtherRoseM01,8758,cXt7bSZGo8G4MWZ3x
red small round mat,#REF!,No,1000,250,Red,Red,2x2,Small,NA,NA,Saharah; Saharah's Co-op,,NA,NA,89,living room,child's room,None,Shaggy Round Rugs,For sale,1.0.0,Yes,RugRoundSimpleS01,9548,z6C8NBYbSkshNZG7J
red vinyl sheet,#REF!,No,1500,375,Red,Colorful,3x2,Medium,NA,NA,Saharah; Saharah's Co-op,,NA,NA,137,ocean,resort,None,Slender Pattern Rugs,For sale,1.0.0,Yes,RugRectVinylM02,7405,2tPPLjzq42Z8wjtNv
red watermelon rug,#REF!,No,1500,375,Red,Green,3x3,Medium,NA,NA,Saharah's Co-op,,NA,NA,137,None,None,None,Fruit Rugs,For sale,2.0.0,Yes,RugOtherWatermelonM00,12215,uAFL2apYYrYEZksq3
red wavy rug,#REF!,No,2000,500,Red,Yellow,4x3,Large,NA,NA,Saharah; Saharah's Co-op,,NA,NA,253,living room,child's room,None,Slender Pattern Rugs,For sale,1.0.0,Yes,RugRectWaveL03,7457,pPTXqs45y6k23f62j
red wedding rug,#REF!,No,NFS,375,Red,Red,3x2,Medium,4,Heart Crystals,Cyrus,,Wedding Season,Yes,437,party,fancy,wedding,Slender Pattern Rugs,Not for sale,1.2.0,Yes,RugRectJuneBrideM02,12465,LmxrQZwL5HrEzsHqK
red-and-blue checked rug,#REF!,No,2000,500,Red,Blue,4x4,Large,NA,NA,Saharah; Saharah's Co-op,,NA,NA,253,living room,child's room,None,Pattern Rugs,For sale,1.0.0,Yes,RugSquareCheckQuiltL00,7343,zrouM9QCzYKg3kBcc
red-design kitchen mat,#REF!,No,1000,250,Red,Black,2x1,Small,NA,NA,Saharah; Saharah's Co-op,,NA,NA,89,kitchen,None,None,Kitchen Rugs,For sale,1.0.0,Yes,RugRectNativeKitchenS00,7340,7KtKd8P5tbGSfG2qZ
retro dotted rug,#REF!,No,2000,500,Green,Green,4x3,Large,NA,NA,Saharah; Saharah's Co-op,,NA,NA,253,fancy,child's room,None,Slender Pattern Rugs,For sale,1.0.0,Yes,RugRectDotL01,7466,29Pm3PcqEJ3nP36sh
rough rug,#REF!,No,1000,250,Brown,Brown,2x1,Small,NA,NA,Saharah; Saharah's Co-op,,NA,NA,89,school,facility,None,Slender Rugs,For sale,1.0.0,Yes,RugRectDoormatS00,7324,oEg77tXhJ6GReb7gp
round glowing-moss rug,#REF!,Yes,NFS,200,Green,Green,2x2,Small,NA,NA,Crafting,,NA,NA,103,nature,fantasy,None,Shaggy Round Rugs,Not for sale,2.0.0,Yes,RugRoundGlowMossS00,13878,hBAApWnka5p3taup2
round vine rug,#REF!,Yes,NFS,400,Green,Green,2x2,Small,NA,NA,Crafting,,NA,NA,103,nature,local,None,Shaggy Round Rugs,Not for sale,2.0.0,Yes,RugRoundVineS00,13906,4swv5cokrfFG3Pvpw
rubber mud mat,#REF!,No,1000,250,Green,Green,2x1,Small,NA,NA,Saharah; Saharah's Co-op,,NA,NA,89,school,None,None,Slender Rugs,For sale,1.0.0,Yes,RugRectRubberScraperS00,7339,Er4wGFd53SAq3zsGX
shamrock rug,#REF!,No,1500,375,Green,Green,3x3,Medium,NA,NA,Nook Shopping Seasonal,,Shamrock Day,Yes,201,fancy,None,None,Icon Rugs,Seasonal,1.8.0,Yes,RugOtherShamrockM00,7547,FcnuoWDXY7oGanq74
shanty mat,#REF!,No,2000,500,Brown,Beige,4x4,Large,NA,NA,Saharah; Saharah's Co-op,,NA,NA,253,harmonious,horror,None,Simple Rugs,For sale,1.0.0,Yes,RugSquareOldStrawL00,7345,jLR8r3aHpRe4yJyxA
shell rug,#REF!,Yes,NFS,5400,Beige,Pink,3x3,Medium,NA,NA,Crafting,,NA,NA,103,ocean,fancy,shell,Park Rugs,Not for sale,1.0.0,Yes,RugOtherShellM00,7362,kC3KJRKazh5c6m2uN
simple entrance mat,#REF!,No,1000,250,Black,Black,2x1,Small,NA,NA,Saharah's Co-op,,NA,NA,89,living room,facility,None,Slender Rugs,For sale,2.0.0,Yes,RugRectEntranceS00,13058,sgqHLSNKe9ezJFrnL
simple green bath mat,#REF!,No,1000,250,Green,Green,2x1,Small,NA,NA,Saharah; Saharah's Co-op,,NA,NA,89,bathroom,public bath,None,Slender Rugs,For sale,1.0.0,Yes,RugRectBathmatS03,7516,zfRhHqsvfBg5D6CJA
simple medium avocado mat,#REF!,No,1500,375,Green,Green,3x3,Medium,NA,NA,Saharah; Saharah's Co-op,,NA,NA,137,living room,facility,None,Simple Rugs,For sale,1.0.0,Yes,RugSquareSimpleM03,7524,9BzJWMCmruohLvY8x
simple medium black mat,#REF!,No,1500,375,Black,Black,3x3,Medium,NA,NA,Saharah; Saharah's Co-op,,NA,NA,137,living room,facility,None,Simple Rugs,For sale,1.0.0,Yes,RugSquareSimpleM07,7539,Nmx4FN5RX5LJ2xRF8
simple medium blue mat,#REF!,No,1500,375,Blue,Blue,3x3,Medium,NA,NA,Saharah; Saharah's Co-op,,NA,NA,137,living room,facility,None,Simple Rugs,For sale,1.0.0,Yes,RugSquareSimpleM02,7523,7nEjDqYTsZdF3n8Ky
simple medium brown mat,#REF!,No,1500,375,Brown,Brown,3x3,Medium,NA,NA,Saharah; Saharah's Co-op,,NA,NA,137,living room,facility,None,Simple Rugs,For sale,1.0.0,Yes,RugSquareSimpleM01,7519,FAqsC7JonfkPt3jc2
simple medium orange mat,#REF!,No,1500,375,Orange,Orange,3x3,Medium,NA,NA,Saharah; Saharah's Co-op,,NA,NA,137,living room,facility,None,Simple Rugs,For sale,1.0.0,Yes,RugSquareSimpleM05,7536,Bt6N5gWJJNtdNg8TC
simple medium purple mat,#REF!,No,1500,375,Purple,Purple,3x3,Medium,NA,NA,Saharah; Saharah's Co-op,,NA,NA,137,living room,facility,None,Simple Rugs,For sale,1.0.0,Yes,RugSquareSimpleM06,7538,9WryqBnvAMiSF7vJ6
simple medium red mat,#REF!,No,1500,375,Red,Red,3x3,Medium,NA,NA,Saharah; Saharah's Co-op,,NA,NA,137,living room,facility,None,Simple Rugs,For sale,1.0.0,Yes,RugSquareSimpleM04,7540,yB22Mz4KP2wbzjYtv
simple navy bath mat,#REF!,No,1000,250,Gray,Gray,2x1,Small,NA,NA,Saharah; Saharah's Co-op,,NA,NA,89,bathroom,public bath,None,Slender Rugs,For sale,1.0.0,Yes,RugRectBathmatS01,7518,AZQdF6gMi89DXP9K3
simple pink bath mat,#REF!,No,1000,250,Pink,Pink,2x1,Small,NA,NA,Saharah; Saharah's Co-op,,NA,NA,89,bathroom,public bath,None,Slender Rugs,For sale,1.0.0,Yes,RugRectBathmatS02,7517,Lqze8wPcmFatBMFDw
simple small avocado mat,#REF!,No,1000,250,Green,Green,2x2,Small,NA,NA,Saharah; Saharah's Co-op,,NA,NA,89,living room,facility,None,Simple Rugs,For sale,1.0.0,Yes,RugSquareSimpleS03,7520,PKfPEbTw8C55Qc5oH
simple small black mat,#REF!,No,1000,250,Black,Black,2x2,Small,NA,NA,Saharah; Saharah's Co-op,,NA,NA,89,living room,facility,None,Simple Rugs,For sale,1.0.0,Yes,RugSquareSimpleS07,7543,uSGDYs7hCuxMBTZbi
simple small blue mat,#REF!,No,1000,250,Blue,Blue,2x2,Small,NA,NA,Saharah; Saharah's Co-op,,NA,NA,89,living room,facility,None,Simple Rugs,For sale,1.0.0,Yes,RugSquareSimpleS02,7521,Q7FSQ4q6Hzt2YihKH
simple small brown mat,#REF!,No,1000,250,Brown,Brown,2x2,Small,NA,NA,Saharah; Saharah's Co-op,,NA,NA,89,living room,facility,None,Simple Rugs,For sale,1.0.0,Yes,RugSquareSimpleS01,7522,aKCpcBCjrn6wWcyw2
simple small orange mat,#REF!,No,1000,250,Orange,Orange,2x2,Small,NA,NA,Saharah; Saharah's Co-op,,NA,NA,89,living room,facility,None,Simple Rugs,For sale,1.0.0,Yes,RugSquareSimpleS05,7541,WomwFGQsQgogZNtQf
simple small purple mat,#REF!,No,1000,250,Purple,Purple,2x2,Small,NA,NA,Saharah; Saharah's Co-op,,NA,NA,89,living room,facility,None,Simple Rugs,For sale,1.0.0,Yes,RugSquareSimpleS06,7542,h7wpDFdwKgJs2BvgG
simple small red mat,#REF!,No,1000,250,Red,Red,2x2,Small,NA,NA,Saharah; Saharah's Co-op,,NA,NA,89,living room,facility,None,Simple Rugs,For sale,1.0.0,Yes,RugSquareSimpleS04,7537,nRakPP7nXacJB3YHX
skull rug,#REF!,No,1500,375,Gray,Black,3x3,Medium,NA,NA,Saharah's Co-op,,NA,NA,137,horror,child's room,None,Icon Rugs,For sale,2.0.0,Yes,RugOtherSkullM00,12334,45XdJjQY2JqipTQ9F
sloppy rug,#REF!,No,2000,500,Aqua,Aqua,4x4,Large,NA,NA,Saharah; Saharah's Co-op,,NA,NA,253,living room,child's room,sloppy,Simple Rugs,For sale,1.0.0,Yes,RugOtherSloppyL00,7371,337rrvb9iapfJC4nb
small Paradise Planning mat,#REF!,No,NFS,250,Red,Red,2x1,Small,900,Poki,Wardell,,Happy Home Paradise,Yes,151,living room,None,None,Slender Pattern Rugs,Not for sale,2.0.0,Yes,RugRectPatternS00,14707,pTEGa3pxpuMwuwLmJ
snowflake rug,#REF!,No,1500,375,Aqua,White,3x3,Medium,NA,NA,Saharah; Saharah's Co-op,,NA,NA,137,freezing cold,fancy,None,Shaggy Round Rugs,For sale,1.0.0,Yes,RugRoundSnowM00,7346,upNaAkxPwQRHP6NXi
spooky rug,#REF!,No,NFS,2000,Orange,Purple,4x4,Large,NA,NA,All villagers,Trade candy or a lollipop with a villager,Halloween,Yes,231,horror,party,spooky,Pattern Rugs,Not for sale,1.5.0,Yes,RugSquareHalloweenL00,7545,vgzmZDqaGRtrDN7Pv
stage rug,#REF!,No,1500,375,Colorful,Yellow,3x3,Medium,NA,NA,Saharah's Co-op,,NA,NA,137,concert,party,None,Shaggy Round Rugs,For sale,2.0.0,Yes,RugRoundStageM00,12725,5ooaYbBht82jjATW9
starry-skies rug,#REF!,Yes,NFS,5500,Blue,Blue,3x3,Medium,NA,NA,Crafting,,NA,NA,103,None,None,stars,Shaggy Round Rugs,Not for sale,2.0.0,Yes,RugRoundZodiacM00,12521,xzKfkAfhP9hgzsRXw
summer-shell rug,#REF!,Yes,NFS,7200,Aqua,Aqua,3x3,Medium,NA,NA,Crafting,,summer shells,Yes,201,ocean,fancy,None,Park Rugs,Not for sale,1.6.0,Yes,RugOtherShellSnailM00,12217,fBGGF9Cqbudi6cmsk
sunflower rug,#REF!,No,1500,375,Yellow,Brown,3x3,Medium,NA,NA,Nook Shopping Seasonal,,Summer Solstice,Yes,201,fancy,child's room,flowers,Icon Rugs,Seasonal,1.6.0,Yes,RugOtherSunflowerM00,13596,D8jXWc5Nq678JDmpr
tatami mat,#REF!,No,1500,375,Green,Yellow,3x2,Medium,NA,NA,Saharah; Saharah's Co-op,,NA,NA,137,harmonious,None,None,Wood Rugs,For sale,1.0.0,Yes,RugRectTatamiM00,7369,m7efgfNG3HZR6G29s
tree-stump rug,#REF!,Yes,NFS,720,Beige,Brown,3x3,Medium,NA,NA,Crafting,,NA,NA,103,nature,local,None,Park Rugs,Not for sale,2.0.0,Yes,RugOtherStumpM00,12379,LeZfLvbzy4LHMFotw
tropical rug,#REF!,No,1500,375,Green,Beige,3x3,Medium,NA,NA,Saharah; Saharah's Co-op,,NA,NA,137,ocean,resort,None,Park Rugs,For sale,1.0.0,Yes,RugRoundIslandM00,7358,tjgfDcBRhWQrxhjzk
Turkey Day rug,#REF!,No,NFS,500,Beige,Beige,4x4,Large,NA,NA,Franklin,Reward for giving Franklin the requested ingredients,Turkey Day,Yes,351,party,None,Turkey Day,Pattern Rugs,Not for sale,1.6.0,Yes,RugSquareHarvestL00,13525,S3E3mJ2PfFsqN6FPq
turquoise heart rug,#REF!,No,1500,375,Aqua,Aqua,3x3,Medium,NA,NA,Saharah; Saharah's Co-op,,NA,NA,137,fancy,child's room,None,Heart Rugs,For sale,1.0.0,Yes,RugOtherHeartM01,7579,MeN8d4a4YKoFc2zDW
white exercise mat,#REF!,No,1500,375,White,White,3x2,Medium,NA,NA,Saharah's Co-op,,NA,NA,137,sports,school,None,Slender Rugs,For sale,2.0.0,Yes,RugRectMatM00,12386,PTEdMjQ6RhLp5JNQt
white heart rug,#REF!,No,1500,375,White,White,3x3,Medium,NA,NA,Saharah; Saharah's Co-op,,NA,NA,137,fancy,child's room,None,Heart Rugs,For sale,1.0.0,Yes,RugOtherHeartM03,7578,ur5qNz9QEkkCEPRDQ
white message mat,#REF!,No,1000,250,White,White,2x1,Small,NA,NA,Saharah; Saharah's Co-op,,NA,NA,89,child's room,None,None,Message Mats,For sale,1.0.0,Yes,RugOtherMessageS00,7338,ey5h5kDoaHvTgEdkj
white rose rug,#REF!,No,1500,375,White,White,3x3,Medium,NA,NA,Saharah; Saharah's Co-op,,NA,NA,137,fancy,expensive,flowers,Rose Rug,For sale,1.0.0,Yes,RugOtherRoseM03,8757,fWrizz9CC3Lg8apM2
white simple medium mat,#REF!,No,1500,375,Beige,White,3x3,Medium,NA,NA,Saharah; Saharah's Co-op,,NA,NA,137,living room,facility,None,Simple Rugs,For sale,1.0.0,Yes,RugSquareSimpleM00,7335,vXD2oADv2fg4QRCp6
white simple small mat,#REF!,No,1000,250,Beige,White,2x2,Small,NA,NA,Saharah; Saharah's Co-op,,NA,NA,89,living room,facility,None,Simple Rugs,For sale,1.0.0,Yes,RugSquareSimpleS00,7336,vhxZi6oAZWm9gxRfK
white square tile,#REF!,No,1000,250,White,White,2x2,Small,NA,NA,Saharah's Co-op,,NA,NA,89,living room,facility,None,Wood Rugs,For sale,2.0.0,Yes,RugSquareWoodS01,13595,AybYhmrNqDQF7nmwA
white wedding rug,#REF!,No,NFS,375,White,White,3x2,Medium,4,Heart Crystals,Cyrus,,Wedding Season,Yes,437,party,fancy,wedding,Slender Pattern Rugs,Not for sale,1.2.0,Yes,RugRectJuneBrideM03,12464,At7cbGksXn6rvhkQr
white wooden-deck rug,#REF!,No,1500,375,White,White,3x2,Medium,NA,NA,Saharah; Saharah's Co-op,,NA,NA,137,outdoors,garden,None,Wood Rugs,For sale,1.0.0,Yes,RugRectDeckM02,7381,nmBMJkGHnxGdzYzzP
white-wood flooring sheet,#REF!,No,1000,250,White,White,2x1,Small,NA,NA,Saharah's Co-op,,NA,NA,89,shop,apparel shop,None,Wood Rugs,For sale,2.0.0,Yes,RugRectDisplayStandS03,14038,MnwwbhGePuQcNsm7C
white-wood flooring tile,#REF!,No,1000,250,White,White,1x1,Small,NA,NA,Saharah's Co-op,,NA,NA,89,apparel shop,facility,None,Wood Rugs,For sale,2.0.0,Yes,RugSquareDisplayStandS03,14035,QDuruxueRohGJyFPh
yellow argyle rug,#REF!,No,2000,500,Yellow,Yellow,4x3,Large,NA,NA,Saharah; Saharah's Co-op,,NA,NA,253,living room,fancy,None,Slender Pattern Rugs,For sale,1.0.0,Yes,RugRectArgyleL00,7352,TEzohiZZfTSxoSNpd
yellow bamboo mat,#REF!,Yes,NFS,1200,Yellow,Yellow,2x1,Small,NA,NA,Crafting,,young spring bamboo,Yes,103,harmonious,retro,bamboo,Kitchen Rugs,Not for sale,2.0.0,Yes,RugRectBambooBathmatS01,12330,hKGKs9oChoax3Qkqp
yellow blocks rug,#REF!,No,1500,375,Yellow,Brown,3x3,Medium,NA,NA,Saharah; Saharah's Co-op,,NA,NA,137,living room,None,None,Pattern Rugs,For sale,1.0.0,Yes,RugSquareBlockM02,11103,Gb4rwvjZv74CDT8qE
yellow checked rug,#REF!,No,2000,500,Yellow,Green,4x4,Large,NA,NA,Saharah; Saharah's Co-op,,NA,NA,253,living room,child's room,None,Pattern Rugs,For sale,1.0.0,Yes,RugSquareCheckQuiltL01,7462,GdqeFkwTpKJLFQpyK
yellow Hawaiian quilt rug,#REF!,No,2000,500,Yellow,White,4x4,Large,NA,NA,Saharah's Co-op,,NA,NA,253,None,None,None,Pattern Rugs,For sale,2.0.0,Yes,RugSquareHawaiianL01,12394,rsqpEquuEaidZAdjW
yellow kilim-style carpet,#REF!,No,2000,500,Yellow,Beige,5x5,Large,NA,NA,Saharah; Saharah's Co-op,,NA,NA,253,living room,None,None,Pattern Rugs,For sale,1.0.0,Yes,RugSquareKirimL03,9315,274gPov62L9zR3onG
yellow kitchen mat,#REF!,No,1000,250,Yellow,Yellow,2x1,Small,NA,NA,Saharah; Saharah's Co-op,,NA,NA,89,kitchen,None,None,Kitchen Rugs,For sale,1.0.0,Yes,RugRectKitchenS01,8395,CyGFnLgFnD3jrgKio
yellow medium round mat,#REF!,No,1500,375,Yellow,Yellow,3x3,Medium,NA,NA,Saharah; Saharah's Co-op,,NA,NA,137,living room,child's room,None,Shaggy Round Rugs,For sale,1.0.0,Yes,RugRoundSimpleM03,9544,TfKNppy5CiswuZGSw
yellow message mat,#REF!,No,1000,250,Yellow,Yellow,2x1,Small,NA,NA,Saharah; Saharah's Co-op,,NA,NA,89,child's room,None,None,Message Mats,For sale,1.0.0,Yes,RugOtherMessageS02,9311,6NpR38JASvkZDezYq
yellow Persian rug,#REF!,No,2000,500,Yellow,Beige,5x5,Large,NA,NA,Saharah; Saharah's Co-op,,NA,NA,253,expensive,living room,None,Pattern Rugs,For sale,1.0.0,Yes,RugSquarePersianL02,8036,HdsBjfD2ongYrBt5m
yellow rose rug,#REF!,No,1500,375,Yellow,Yellow,3x3,Medium,NA,NA,Saharah; Saharah's Co-op,,NA,NA,137,fancy,expensive,flowers,Rose Rug,For sale,1.0.0,Yes,RugOtherRoseM02,8759,jta8sYzY36aqcjp3T
yellow small round mat,#REF!,No,1000,250,Yellow,Yellow,2x2,Small,NA,NA,Saharah; Saharah's Co-op,,NA,NA,89,living room,child's room,None,Shaggy Round Rugs,For sale,1.0.0,Yes,RugRoundSimpleS03,9547,FS2ZvZLcRQDHp6hHr
yellow star rug,#REF!,Yes,NFS,1500,Yellow,Yellow,3x3,Medium,NA,NA,Crafting,,NA,NA,103,None,None,stars,Park Rugs,Not for sale,2.0.0,Yes,RugOtherStarM00,12222,7CPoE3KPnJ3SqK4Mk
yellow stripes rug,#REF!,No,2000,500,Yellow,White,4x3,Large,NA,NA,Saharah; Saharah's Co-op,,NA,NA,253,fancy,child's room,None,Slender Pattern Rugs,For sale,1.0.0,Yes,RugRectBorderL00,7351,mJP9gz2YZAcQsWELE
yellow vinyl sheet,#REF!,No,1500,375,Yellow,Colorful,3x2,Medium,NA,NA,Saharah; Saharah's Co-op,,NA,NA,137,ocean,resort,None,Slender Pattern Rugs,For sale,1.0.0,Yes,RugRectVinylM03,7403,8tMeC24TcYdot9ZuC
yellow watermelon rug,#REF!,No,1500,375,Yellow,Green,3x3,Medium,NA,NA,Saharah's Co-op,,NA,NA,137,None,None,None,Fruit Rugs,For sale,2.0.0,Yes,RugOtherWatermelonM01,12216,a7xgXP8K6df43NCBQ
yellow-design kitchen mat,#REF!,No,1000,250,Yellow,Black,2x1,Small,NA,NA,Saharah; Saharah's Co-op,,NA,NA,89,kitchen,None,None,Kitchen Rugs,For sale,1.0.0,Yes,RugRectNativeKitchenS02,7596,B76hfTkYR2vm96Hfd
Yoshi's Egg rug,#REF!,No,1500,375,Green,White,3x3,Medium,NA,NA,Nook Shopping Promotion,Not available before March 1st 2021,NA,NA,201,fancy,child's room,Mario,Icon Rugs,Not in catalog,1.8.0,Yes,RugOtherMarioAM00,13872,CfuABFvYQYNAKQcR6