Name,Inventory Image,Storage Image,DIY,Stack Size,Buy,Sell,Exchange Price,Exchange Currency,Source,Source Notes,Season/Event,Season/Event Exclusive,HHA Base Points,Tag,Color 1,Color 2,Food Power,Version Added,Unlocked?,Inventory Filename,Storage Filename,Internal ID,Unique Entry ID
acorn,#REF!,#REF!,No,30,NFS,200,NA,NA,Hardwood Tree,Shaking,acorns and pine cones,Yes,0,Etc,None,None,NA,1.0.0,Yes,DIYAcorn,DIYAcorn,5727,LWRPyLkySfCNkDvdv
apple,#REF!,#REF!,No,10,400,100,NA,NA,Nook's Cranny; Apple Tree,,NA,NA,0,Plants,None,None,1,1.0.0,Yes,Apple,Apple,2213,iTWs2LBrcFu8XyDMF
apple tree,#REF!,NA,No,1,NFS,300,NA,NA,Planting an apple,,NA,NA,0,Plants,None,None,NA,1.0.0,Yes,PltApple,PltApple4,3360,4BFZn59FMC5eyCKXS
Aquarius fragment,#REF!,#REF!,No,10,NFS,500,NA,NA,Wishing on shooting stars,,Aquarius,Yes,0,Etc,None,None,NA,1.0.0,Yes,StarpieceAquarius,StarpieceAquarius,5986,sHWduQNusYLWRjhzb
arched tile path permit,#REF!,NA,No,1,NFS,NA,2000,Nook Miles,Nook Miles Redemption,Found under the Special tab of the Nook Miles Redemption service.,NA,NA,0,Unnecessary,None,None,NA,1.0.0,Yes,Helmet,FtrGroundMakerStonePattern,8776,yDajuWo93WGgTR4bJ
Aries fragment,#REF!,#REF!,No,10,NFS,500,NA,NA,Wishing on shooting stars,,Aries,Yes,0,Etc,None,None,NA,1.0.0,Yes,StarpieceAries,StarpieceAries,5988,D5JE2Ypt5vZ3C4EM6
bamboo piece,#REF!,#REF!,No,30,NFS,80,NA,NA,Chopping a bamboo tree,,NA,NA,0,Etc,None,None,NA,1.0.0,Yes,DIYBamboo,DIYBamboo,2501,RJpF9Apqi52AqPP25
bamboo shoot,#REF!,#REF!,No,10,NFS,250,NA,NA,Dig Spot; Daisy Mae,Near a bamboo tree,NA,NA,0,Plants,None,None,1,1.0.0,Yes,BanbooShoot,BambooShoot,2295,kTmS9FFMxJFuCS7vr
bamboo tree,#REF!,NA,No,1,NFS,1500,NA,NA,Planting a bamboo shoot,,NA,NA,0,Plants,None,None,NA,1.0.0,Yes,PltBamboo,PltBamboo4,2815,m6And8qdTfySMh9kR
Basic Cooking Recipes,NA,#REF!,No,1,4980,NA,NA,NA,Nook's Cranny,,NA,NA,0,Unnecessary,None,None,NA,2.0.0,Yes,Book,Cookingbook1,14811,qb2eaBbQEsMwQz5v3
Be a Chef! DIY Recipes+,#REF!,NA,No,1,NFS,NA,2000,Nook Miles,Nook Miles Redemption,,NA,NA,0,Unnecessary,None,None,NA,2.0.0,Yes,DIYRecipePlus,HowtoBookDIYRecipePlus,14691,ssswcjPYorzGtHwqS
Bell bag,#REF!,#REF!,No,99,NFS,NA,NA,NA,Glowing dig spot,,NA,NA,0,Etc,None,None,NA,1.0.0,Yes,MoneyBag010,PhotoStudioBellBag,7731,MwHcZBfqcJ5vJzRqZ
Bell coin,#REF!,#REF!,No,9,NFS,NA,NA,NA,Shaking a hardwood or cedar tree,,NA,NA,0,Etc,None,None,NA,1.0.0,Yes,Coin,PhotoStudioBell,7730,jNjH659eycYXADzaq
Bell voucher,#REF!,#REF!,No,10,NFS,3000,500,Nook Miles,Nook Miles Redemption; May Day Tour,Found under the Special tab of the Nook Miles Redemption service.,NA,NA,103,Etc,None,None,NA,1.0.0,Yes,BellExchangeTicket,BellExchangeTicket,9964,Ekx2qXMQw3nrBxbwC
black cosmos,#REF!,#REF!,No,10,NFS,240,NA,NA,Picking flowers,,NA,NA,87,Plants,Black,Green,NA,1.0.0,Yes,Cosmos5,FlwCosmosBlack,2875,QveR5KriJ63ZvAmQs
black lilies,#REF!,#REF!,No,10,NFS,80,NA,NA,Picking flowers,,NA,NA,87,Plants,Black,Green,NA,1.0.0,Yes,Yuri5,FlwYuriBlack,2999,GJEkbwJexHSSq3Kvp
black roses,#REF!,#REF!,No,10,NFS,240,NA,NA,Picking flowers,,NA,NA,87,Plants,Black,Green,NA,1.0.0,Yes,Rose6,FlwRoseBlack,2955,RAxXqgdwa6Jb3fKFX
black tulips,#REF!,#REF!,No,10,NFS,80,NA,NA,Picking flowers,,NA,NA,87,Plants,Black,Green,NA,1.0.0,Yes,Turip5,FlwTulipBlack,2903,WGvGEjXRYjucLHity
black wrapping paper,#REF!,#REF!,No,10,160,40,NA,NA,Nook's Cranny,,NA,NA,0,Etc,None,None,NA,1.0.0,Yes,WPaperBlack,WPaperBlack,7698,e726AGFuzKwPdeNZu
black-cosmos plant,#REF!,NA,No,1,NFS,240,NA,NA,Breeding,,NA,NA,0,Plants,None,None,NA,1.0.0,Yes,PltCosmos5,PltCosmosBlack3,3834,o54h94yBpGiSSfKkr
black-lily plant,#REF!,NA,No,1,NFS,80,NA,NA,Breeding,,NA,NA,0,Plants,None,None,NA,1.0.0,Yes,PltYuri5,PltYuriBlack3,3896,RgsTH72gphGY6AHsK
black-rose plant,#REF!,NA,No,1,NFS,240,NA,NA,Breeding,,NA,NA,0,Plants,None,None,NA,1.0.0,Yes,PltRose6,PltRoseBlack3,3874,suqNAcWRFj6JJZKuk
black-tulip plant,#REF!,NA,No,1,NFS,80,NA,NA,Breeding,,NA,NA,0,Plants,None,None,NA,1.0.0,Yes,PltTurip5,PltTulipBlack3,3848,2aiEhGHeGqQG725zX
Blathers's tent marker,#REF!,NA,No,1,NFS,NA,NA,NA,Tom Nook,,NA,NA,0,Unnecessary,None,None,NA,1.0.0,Yes,TentWhite,MuseumTent,2755,57HSnpzwFHuTfBiyf
blue feather,#REF!,#REF!,No,3,NFS,200,NA,NA,Catching with a net,,Festivale,Yes,0,Etc,Blue,Blue,NA,1.7.0,Yes,FeatherBlu,FeatherBlue,3542,RRAxA9JnFuW8K7v7s
blue hyacinths,#REF!,#REF!,No,10,NFS,80,NA,NA,Picking flowers,,NA,NA,87,Plants,Blue,Green,NA,1.0.0,Yes,Hyacinth6,FlwHyacinthBlue,3748,K6yui8FLmJvwNcfL4
blue ornament,#REF!,#REF!,No,30,NFS,50,NA,NA,Cedar Tree,Shaking decorated trees,ornaments,Yes,0,Etc,None,None,NA,1.0.0,Yes,ChristmasOrnamentB,DIYOrnamentBlue,5731,s38Tms3PpjpWGnFtn
blue pansies,#REF!,#REF!,No,10,NFS,80,NA,NA,Picking flowers,,NA,NA,87,Plants,Blue,Green,NA,1.0.0,Yes,Pansi5,FlwPansyBlue,2927,mNBAQ7xCjndP63TW8
blue roses,#REF!,#REF!,No,10,NFS,1000,NA,NA,Picking flowers,,NA,NA,87,Plants,Blue,Green,NA,1.0.0,Yes,Rose7,FlwRoseBlue,2959,C39ncDcJ44My6qoQm
blue windflowers,#REF!,#REF!,No,10,NFS,80,NA,NA,Picking flowers,,NA,NA,87,Plants,Blue,Green,NA,1.0.0,Yes,Anemone5,FlwAnemonesBlue,3717,JmHWXFZvvgpJYrg8Z
blue wrapping paper,#REF!,#REF!,No,10,160,40,NA,NA,Nook's Cranny,,NA,NA,0,Etc,None,None,NA,1.0.0,Yes,WPaperBlue,WPaperBlue,7692,FK3PwoipGayPzS4SW
blue-hyacinth plant,#REF!,NA,No,1,NFS,80,NA,NA,Breeding,,NA,NA,0,Plants,None,None,NA,1.0.0,Yes,PltHyacinth6,PltHyacinthBlue3,3920,MNT54SyQWEWfaQAc6
blue-hydrangea bush,#REF!,NA,No,1,NFS,140,NA,NA,Digging up a fully grown bush,,hydrangea,No,0,Plants,None,None,NA,1.2.0,Yes,PltHydrangeaBlue,PltHydrangeaBlue2,3800,trgrtapDMZkkyDfiz
blue-hydrangea start,#REF!,#REF!,No,10,280,70,NA,NA,Leif,,hydrangea,No,0,Plants,None,None,NA,1.2.0,Yes,SeedHydrangeaBlue,SeedHydrangeaBlue,3798,GNsNR4uHsjm4B7XJr
blue-pansy plant,#REF!,NA,No,1,NFS,80,NA,NA,Breeding,,NA,NA,0,Plants,None,None,NA,1.0.0,Yes,PltPansi5,PltPansyBlue3,3860,Zd4CiamQfSEbYcymn
blue-rose plant,#REF!,NA,No,1,NFS,1000,NA,NA,Breeding,,NA,NA,0,Plants,None,None,NA,1.0.0,Yes,PltRose7,PltRoseBlue3,3876,XXDs7bACfxsb5ospo
blue-windflower plant,#REF!,NA,No,1,NFS,80,NA,NA,Breeding,,NA,NA,0,Plants,None,None,NA,1.0.0,Yes,PltAnemone5,PltAnemonesBlue3,3902,A4yXEFxhamZ2fCfmG
Body-Paint Costume Tips,#REF!,NA,No,1,NFS,NA,2400,Nook Miles,Nook Miles Redemption,,NA,NA,0,Unnecessary,None,None,NA,1.5.0,Yes,HowtoBookHair,HowtoBookBodyColor,13256,k36tjaygAsSjGYcmj
bokjumeoni lucky pouch,#REF!,#REF!,No,10,500,125,NA,NA,Nook Shopping Seasonal,,Seollal,Yes,0,Etc,None,None,NA,1.7.0,Yes,OtoshidamaOpenKr,OtoshidamaKr,13955,bsrwPHAW9y9WDQysp
boot,#REF!,#REF!,No,1,NFS,10,NA,NA,Fishing,Medium shadow,NA,NA,0,Etc,None,None,NA,1.0.0,Yes,Boots,TrashBoot,3469,7jBpMwNw25uQW345e
brick path permit,#REF!,NA,No,1,NFS,NA,2000,Nook Miles,Nook Miles Redemption,Found under the Special tab of the Nook Miles Redemption service.,NA,NA,0,Unnecessary,None,None,NA,1.0.0,Yes,Helmet,FtrGroundMakerBrick,8774,oHZbjoqc3QKK6WLCC
bridge construction kit,#REF!,NA,Yes,1,NFS,NA,NA,NA,Tom Nook,,NA,NA,0,Unnecessary,None,None,NA,1.0.0,Yes,TentWhite,BridgeLogReserveKit,7211,qT8ewTJpgMGSEENoY
bridge marker kit,#REF!,NA,No,1,NFS,NA,NA,NA,Tom Nook,,NA,NA,0,Unnecessary,None,None,NA,1.0.0,Yes,TentWhite,BridgeReserveKit,4310,nS86mCT42JirpqqPY
brown sugar,#REF!,#REF!,Yes,50,NFS,210,NA,NA,Cooking,,NA,NA,103,Etc,None,None,NA,2.0.0,Yes,FlourSugarbrown,FlourSugarbrown,13998,FmnEXrWrhmiq4TcxG
brown wrapping paper,#REF!,#REF!,No,10,160,40,NA,NA,Nook's Cranny,,NA,NA,0,Etc,None,None,NA,1.0.0,Yes,WPaperBrown,WPaperBrown,7696,hJhmHZLzeNSDBEoSo
campsite construction kit,#REF!,NA,Yes,1,NFS,NA,NA,NA,Tom Nook,,NA,NA,0,Unnecessary,None,None,NA,1.0.0,Yes,TentWhite,CampsiteReserveKit,5166,ezCup9En25XEqADNt
campsite moving kit,#REF!,NA,No,1,NFS,NA,NA,NA,Tom Nook,,NA,NA,0,Unnecessary,None,None,NA,1.0.0,Yes,TentWhite,MovingKitCampsite,6841,ZXGmQ8gab2KnTmP5a
Cancer fragment,#REF!,#REF!,No,10,NFS,500,NA,NA,Wishing on shooting stars,,Cancer,Yes,0,Etc,None,None,NA,1.0.0,Yes,StarpieceCancer,StarpieceCancer,5991,SmqC4auAEN7GSNraA
candy,#REF!,#REF!,No,30,120,30,NA,NA,Nook's Cranny; All villagers,Sold in Nook's Cranny during the month of October; gifted by talking to villagers during Halloween,Halloween (days before); Halloween,Yes,0,Etc,None,None,1,1.5.0,Yes,Candy,Candy,13197,ipLZk6AGCSZ7yoMui
Capricorn fragment,#REF!,#REF!,No,10,NFS,500,NA,NA,Wishing on shooting stars,,Capricorn,Yes,0,Etc,None,None,NA,1.0.0,Yes,StarpieceCapricornus,StarpieceCapricornus,5985,Yv5hZXu5AkG7sWNQ6
carrot,#REF!,#REF!,No,10,NFS,350,NA,NA,Picking carrots,,NA,NA,0,Plants,None,None,1,2.0.0,Yes,Carrot,Carrot,3044,F5FN4j4aMLH5Dke9P
carrot start,#REF!,#REF!,No,10,280,70,NA,NA,Leif,,NA,NA,0,Plants,None,None,NA,2.0.0,Yes,SeedlingVegetable,SeedCarrot,3045,vJBzjThWG29k6fZXf
cedar sapling,#REF!,#REF!,No,10,640,160,NA,NA,Nook's Cranny,,NA,NA,0,Plants,None,None,NA,1.0.0,Yes,SeedlingConifer,SeedCedar,2800,LP6TnsveSD3AGAMmQ
cedar tree,#REF!,NA,No,1,NFS,240,NA,NA,Planting a cedar sapling,,NA,NA,0,Plants,None,None,NA,1.0.0,Yes,PltConifer,PltCedar4,2805,scFwAJ9XXGD3G6NbX
chartreuse wrapping paper,#REF!,#REF!,No,10,160,40,NA,NA,Nook's Cranny,,NA,NA,0,Etc,None,None,NA,1.0.0,Yes,WPaperLightGreen,WPaperLightGreen,7686,RWcJQMBA79cybhZDM
cherry,#REF!,#REF!,No,10,400,100,NA,NA,Nook's Cranny; Cherry Tree,,NA,NA,0,Plants,None,None,1,1.0.0,Yes,Cherry,Cherry,2287,vAujDBhEiEHX39WDn
cherry tree,#REF!,NA,No,1,NFS,300,NA,NA,Planting a cherry,,NA,NA,0,Plants,None,None,NA,1.0.0,Yes,PltCherry,PltCherry4,3381,GhjdFWs3sFftbtd2W
cherry-blossom petal,#REF!,#REF!,No,10,NFS,200,NA,NA,Catching with a net,,cherry-blossom petals,Yes,0,Etc,None,None,NA,1.0.0,Yes,Sakurapetal,Sakurapetal,5859,7hYtxcDFLTySLx8Nz
clay,#REF!,#REF!,No,30,NFS,100,NA,NA,Hitting a rock,,NA,NA,0,Etc,None,None,NA,1.0.0,Yes,OreClay,DIYClay,3090,3yoCRN4WNjdYKQEJB
cliff construction permit,#REF!,NA,No,1,NFS,NA,6000,Nook Miles,Nook Miles Redemption,Found under the Special tab of the Nook Miles Redemption service.,NA,NA,0,Unnecessary,None,None,NA,1.0.0,Yes,ToolCliffMaker,FtrCliffMaker,8781,WQsguRuMd9bwEFu5j
clump of weeds,#REF!,#REF!,No,99,NFS,10,NA,NA,On ground,,NA,NA,0,Plants,None,None,NA,1.0.0,Yes,Weed,PltWeed,2624,GEtNwS4vwNF7oBvw9
coconut,#REF!,#REF!,No,10,NFS,250,NA,NA,Coconut Tree,,NA,NA,0,Plants,None,None,1,1.0.0,Yes,Coconut,Coconut,2288,eHNoTML3CsNoaHoZ9
coconut tree,#REF!,NA,No,1,NFS,500,NA,NA,Planting a coconut,,NA,NA,0,Plants,None,None,NA,1.0.0,Yes,PltPalm,PltPalm4,2810,c4FSMaXCEqboxnQzT
communicator,#REF!,NA,No,10,NFS,NA,NA,NA,Dive spot,Only available while on a quest for Gullivarrr,NA,NA,0,Unnecessary,None,None,NA,1.3.0,Yes,PirateQuest,PirateQuest,13105,4MLwWcvfFjET6hgMc
communicator part,#REF!,NA,No,10,NFS,NA,NA,NA,Clam dig spot,Only available while on a quest for Gulliver,NA,NA,0,Unnecessary,None,None,NA,1.0.0,Yes,JohnyParts,JohnnyQuest1,2381,XiM7GBuMGY9HReqm2
conch,#REF!,#REF!,No,10,NFS,700,NA,NA,Beach,,NA,NA,0,Etc,None,None,NA,1.0.0,Yes,Shell1,ShellDriftHora,1376,rtDktiz93Crc46m5c
coral,#REF!,#REF!,No,10,NFS,500,NA,NA,Beach,,NA,NA,0,Etc,None,None,NA,1.0.0,Yes,Shell3,ShellDriftSango,1380,4CHLh45qehAS8wHpb
cowrie,#REF!,#REF!,No,10,NFS,60,NA,NA,Beach,,NA,NA,0,Etc,None,None,NA,1.0.0,Yes,Shell7,ShellDriftTakara,1382,zxAax3FMiJMX9Chet
Cozy Turkey Day DIY,NA,#REF!,No,1,19800,NA,NA,NA,Franklin; Nook's Cranny,Obtained from Franklin after completing 4 recipes with secret ingredient; sold in Nook's Cranny after Turkey Day until the end of November,Turkey Day; Turkey Day (days after),Yes,0,Unnecessary,None,None,NA,1.6.0,Yes,Book,DIYbookHarvest,13787,WfSB5eBmXt4vKqRJe
custom design path permit,#REF!,NA,No,1,NFS,NA,2300,Nook Miles,Nook Miles Redemption,Found under the Special tab of the Nook Miles Redemption service.,NA,NA,0,Unnecessary,None,None,NA,1.0.0,Yes,Helmet,FtrGroundMakerMydesign,9771,gsKtaovfLwrynQzh2
Custom Design Pro Editor,#REF!,NA,No,1,NFS,NA,800,Nook Miles,Nook Miles Redemption,,NA,NA,0,Unnecessary,None,None,NA,1.0.0,Yes,MyDesignPro,HowtoBookMydesingPro,12185,MMYBdDHWn2kW2Maze
Custom Design Pro Editor+,#REF!,NA,No,1,NFS,NA,2000,Nook Miles,Nook Miles Redemption,,NA,NA,0,Unnecessary,None,None,NA,1.9.0,Yes,MyDesignPro,HowtoBookMydesingPro2,13195,CdzhKtEHzrYPLZfRn
Custom Designs Patterns+,#REF!,NA,No,1,NFS,NA,1800,Nook Miles,Nook Miles Redemption,,NA,NA,0,Unnecessary,None,None,NA,2.0.0,Yes,MyDesignPro,HowtoBookMydesignPatternPlus,14692,jEPKJAeJzjPjMtxhp
Custom Designs Portal,#REF!,NA,No,1,NFS,NA,300,Nook Miles,Nook Miles Redemption,,NA,NA,0,Unnecessary,None,None,NA,1.9.0,Yes,MyDesignPro,HowtoBookMydesignShowcase,14158,mnAwALPx9PrztGiKX
Custom Fencing in a Flash,#REF!,NA,No,1,NFS,NA,2500,Nook Miles,Nook Miles Redemption,,NA,NA,0,Unnecessary,None,None,NA,2.0.0,Yes,HowtoBookExpansion,HowtoBookFenceRemake,14694,QWBuACsymBtKAqEbm
customizable phone case kit,#REF!,#REF!,No,1,NFS,9000,1800,Nook Miles,Nook Miles Redemption,Found under the Special tab of the Nook Miles Redemption service.,NA,NA,0,Etc,None,None,NA,1.0.0,Yes,SmartphoneCase,SmartphoneCase_Remake_0_0,8760,nwyFbGaLtmPjknPTY
customization kit,#REF!,#REF!,No,50,600,150,NA,NA,Nook's Cranny,,NA,NA,0,Etc,None,None,NA,1.0.0,Yes,RemakeKit,RemakeKit,2513,Ld3gGWdjsFZscs6Qq
dark dirt path permit,#REF!,NA,No,1,NFS,NA,2000,Nook Miles,Nook Miles Redemption,Found under the Special tab of the Nook Miles Redemption service.,NA,NA,0,Unnecessary,None,None,NA,1.0.0,Yes,Helmet,FtrGroundMakerDarkSoil,8775,E6p3k7jqPy5nQZqkx
delivery,#REF!,NA,No,1,NFS,NA,NA,NA,Nook Shopping,,NA,NA,0,Unnecessary,None,None,NA,1.0.0,Yes,Cardboard,DummyCardboard,4645,dSEW4GQniyS8P6SnE
delivery,#REF!,NA,No,1,NFS,NA,NA,NA,NotAvailable,,Happy Home Paradise,Yes,0,Unnecessary,None,None,NA,2.0.0,Yes,OneroomCardboard,DummyOneroomCardboard,14873,6dGwjf4o45MpovX2d
delivery box,#REF!,NA,No,1,NFS,NA,NA,NA,Delivering item for a villager,,NA,NA,0,Unnecessary,None,None,NA,1.0.0,Yes,Present2,QuestWrappingBox,4245,KGs8SGuNQXerMe7xC
DIY for Beginners,NA,#REF!,No,1,480,NA,NA,NA,Nook's Cranny,,NA,NA,0,Unnecessary,None,None,NA,1.0.0,Yes,Book,DIYbook1,5603,Xg3ZJkcs2GKKj629h
Dream Bell exchange ticket,#REF!,#REF!,No,10,NFS,5000,NA,NA,Luna,Received in the mail the day after uploading your island to Luna's Dream Library,NA,NA,0,Etc,None,None,NA,1.4.0,Yes,DreamBellExchangeTicket,DreamBellExchangeTicket,13228,oqF5TeSPnfuFD94kf
earth egg,#REF!,#REF!,No,30,NFS,200,NA,NA,Dig Spot,,Bunny Day (days before); Bunny Day,Yes,0,Etc,None,None,1,1.1.0,Yes,EggGround,EggGround,12509,GfuzxkKwqvLMLq4TJ
egg message bottle,#REF!,NA,No,1,NFS,NA,NA,NA,Beach,,Bunny Day (days before); Bunny Day,Yes,0,Unnecessary,None,None,NA,1.1.0,Yes,MessageBottleEgg,MessageBottleEgg,12544,AQictTWfneH93yYQM
elegant mushroom,#REF!,#REF!,No,10,NFS,10000,NA,NA,On ground,,mushrooms,Yes,0,Plants,None,None,1,1.0.0,Yes,Mush0,MushSplendid,3276,kHtGRmaZmf3foEhwz
empty can,#REF!,#REF!,No,1,NFS,10,NA,NA,Fishing,Small shadow,NA,NA,0,Etc,None,None,NA,1.0.0,Yes,Can,TrashCan,3466,rqiTcqwQexTmYoPTH
Exploring New Eye Colors,#REF!,NA,No,1,NFS,NA,2400,Nook Miles,Nook Miles Redemption,,NA,NA,0,Unnecessary,None,None,NA,1.5.0,Yes,HowtoBookHair,HowtoBookEyeColor,13257,YjrQJLTjgggwSYDYM
festive wrapping paper,#REF!,#REF!,Yes,10,NFS,300,NA,NA,Crafting,,Toy Day,Yes,201,Etc,None,None,NA,1.6.0,Yes,WPaperOrnament,WPaperOrnament,13792,S2tzdsHpXp8ReMh4N
fish bait,#REF!,#REF!,Yes,10,NFS,200,NA,NA,Crafting,,NA,NA,103,Etc,None,None,NA,1.0.0,Yes,FishBait,FishBait,4549,Ghm4XtGMDXTpyFQSj
flat mushroom,#REF!,#REF!,No,10,NFS,200,NA,NA,On ground,,mushrooms,Yes,0,Plants,None,None,1,1.0.0,Yes,Mush3,MushFlat,3279,Ym7BRDNMQF6nZL446
flour,#REF!,#REF!,Yes,50,NFS,210,NA,NA,Cooking,,NA,NA,103,Etc,None,None,NA,2.0.0,Yes,FlourWheat,FlourWheat,13994,uSP4sg4TWK34nZcYs
fossil,#REF!,#REF!,No,1,NFS,100,NA,NA,Dig Spot,,NA,NA,0,FossilUnknown,None,None,NA,1.0.0,Yes,Fossil,Fossil,2579,ZwqydviSR4WiRWdDA
fountain firework,#REF!,#REF!,No,1,600,150,500,Bells,Redd's Raffle; Nook's Cranny,Available from Redd's Raffle during Fireworks Shows; Available from Nook's Cranny rotating cabinet stock outside of August,Fireworks Show (1); Fireworks Show (2); Fireworks Show (3); Fireworks Show (4); Fireworks Show (5),No,0,Etc,None,None,NA,1.4.0,Yes,PutHanabi,Fireworks,13106,z2n48mYextDwNiear
Gemini fragment,#REF!,#REF!,No,10,NFS,500,NA,NA,Wishing on shooting stars,,Gemini,Yes,0,Etc,None,None,NA,1.0.0,Yes,StarpieceGemini,StarpieceGemini,5990,FKd48SRH79uQKweuZ
giant clam,#REF!,#REF!,No,10,NFS,900,NA,NA,Beach,,NA,NA,0,Etc,None,None,NA,1.0.0,Yes,Shell2,ShellDriftSyako,1381,yzrzGTGG6mdN2N4d4
gift,#REF!,#REF!,No,1,NFS,NA,NA,NA,Wrapping a present,,Toy Day,Yes,0,Etc,None,None,NA,1.6.0,Yes,WBagOrnament,DummyWrappingOrnament,13793,taPAjf8b8PS88FdZA
glowing moss,#REF!,#REF!,No,50,NFS,25,NA,NA,Kapp'n islands,,NA,NA,0,FieldWeedLight,None,None,NA,2.0.0,Yes,PltWeedLight,PltWeedLight,12550,84CP4criAaKQBy6ES
gold nugget,#REF!,#REF!,No,30,NFS,10000,NA,NA,Hitting a rock,,NA,NA,0,Etc,None,None,NA,1.0.0,Yes,Gold_Ore,DIYGold,2505,i7QscMET7RcTdffLC
gold ornament,#REF!,#REF!,No,30,NFS,50,NA,NA,Cedar Tree,Shaking decorated trees,ornaments,Yes,0,Etc,None,None,NA,1.0.0,Yes,ChristmasOrnamentC,DIYOrnamentGold,5732,PDc3gmJTvyra4nNb6
gold roses,#REF!,#REF!,No,10,NFS,1000,NA,NA,Picking flowers,,NA,NA,87,Plants,Yellow,Yellow,NA,1.0.0,Yes,GoldenRose,FlwRoseGold,2963,6B9RaLkgxyFA72rdm
gold wrapping paper,#REF!,#REF!,No,10,160,40,NA,NA,Nook's Cranny,,NA,NA,0,Etc,None,None,NA,1.0.0,Yes,WPaperGold,WPaperGold,7695,nKFEifDX73E7y86s3
gold-rose plant,#REF!,NA,No,1,NFS,1000,NA,NA,Breeding,Black roses watered with gold watering can,NA,NA,0,Plants,None,None,NA,1.0.0,Yes,PltGoldenRose,PltRoseGold3,3878,vgqcsR2h6B96skooq
gray wrapping paper,#REF!,#REF!,No,10,160,40,NA,NA,Nook's Cranny,,NA,NA,0,Etc,None,None,NA,1.0.0,Yes,WPaperGray,WPaperGray,7697,yiydxSjmgGZiNBxsm
green feather,#REF!,#REF!,No,3,NFS,200,NA,NA,Catching with a net,,Festivale,Yes,0,Etc,Green,Green,NA,1.7.0,Yes,FeatherGrn,FeatherGreen,3543,RrZGEGmxJyw99NKKE
green mums,#REF!,#REF!,No,10,NFS,240,NA,NA,Picking flowers,,NA,NA,87,Plants,Green,Green,NA,1.0.0,Yes,Mum4,FlwMumGreen,5175,iZDGXg9rxMCXkkRXQ
green pumpkin,#REF!,#REF!,No,10,NFS,350,NA,NA,Picking pumpkins,,Halloween (days before); Halloween,No,0,Plants,None,None,1,1.5.0,Yes,SquashGreen,SquashGreen,4527,v6GS66X8t7y82KFEB
green wrapping paper,#REF!,#REF!,No,10,160,40,NA,NA,Nook's Cranny,,NA,NA,0,Etc,None,None,NA,1.0.0,Yes,WPaperGreen,WPaperGreen,7687,3mskzQhZ5uWSBJ373
green-mum plant,#REF!,NA,No,1,NFS,240,NA,NA,Breeding,,NA,NA,0,Plants,None,None,NA,1.0.0,Yes,PltMum4,PltMumGreen3,3934,ejT89srWvyFe6eQKf
gyroid fragment,#REF!,#REF!,No,1,NFS,414,NA,NA,Dig Spot; Beach; Brewster,,NA,NA,0,HaniwaPiece,None,None,NA,2.0.0,Yes,HaniwaPiece,HaniwaPiece,14546,uPiDr9EyiDficmje4
hardwood,#REF!,#REF!,No,30,NFS,60,NA,NA,Chopping a tree,,NA,NA,0,Etc,None,None,NA,1.0.0,Yes,DIYWoodHard,DIYWoodHard,2769,ni3n8DjyCZ9cghTD2
hardwood tree,#REF!,NA,No,1,NFS,240,NA,NA,Planting a sapling,,NA,NA,0,Plants,None,None,NA,1.0.0,Yes,PltOak,PltOak4,2799,iGMxqfQ39pMGzJrji
heart crystal,#REF!,#REF!,No,30,NFS,100,NA,NA,Reese,Reward for helping Cyrus & Reese during Wedding Season,Wedding Season,Yes,0,Etc,None,None,NA,1.2.0,Yes,Love,Love,12546,Seo4ym9pKPhr7A6yb
Hip Reaction Collection,#REF!,NA,No,1,NFS,NA,2700,Nook Miles,Nook Miles Redemption,,NA,NA,0,Unnecessary,None,None,NA,1.6.0,Yes,HowtoBookExpansion,HowtoBookReaction,13610,Eyap99SoXYKQtJdtS
holly bush,#REF!,NA,No,1,NFS,140,NA,NA,Digging up a fully grown bush,,holly,No,0,Plants,None,None,NA,1.2.0,Yes,PltHolly,PltHolly2,3027,iS4C5XqHay6jggFoL
holly start,#REF!,#REF!,No,10,280,70,NA,NA,Leif,,holly,No,0,Plants,None,None,NA,1.2.0,Yes,SeedHolly,SeedHolly,3024,ikDCfcT8TcvyPNH8Y
housing kit,#REF!,NA,No,1,NFS,NA,NA,NA,Tom Nook,,NA,NA,0,Unnecessary,None,None,NA,1.0.0,Yes,TentWhite,NnpcNewHousingkit,3349,3H4M8fad4hXPPK9tq
incline marker kit,#REF!,NA,No,1,NFS,NA,NA,NA,Tom Nook,,NA,NA,0,Unnecessary,None,None,NA,1.0.0,Yes,TentWhite,SlopeReserveKit,4311,Nmp2P7XPoEWX2tQG6
iron nugget,#REF!,#REF!,No,30,NFS,375,NA,NA,Hitting a rock,,NA,NA,0,Etc,None,None,NA,1.0.0,Yes,OreIron,DIYIron,2511,smkrptPsq6cK6e7ya
Island Life 101 Service,#REF!,NA,No,1,NFS,NA,400,Nook Miles,Nook Miles Redemption,,NA,NA,0,Unnecessary,None,None,NA,2.0.0,Yes,LifeSupport,HowtoBookLifeSupportTips,14796,mHGb9ywAQWtX34waj
large snowflake,#REF!,#REF!,No,10,NFS,2500,NA,NA,Snowboy,Reward for making a perfect Snowboy,snowflakes,Yes,0,Etc,None,None,NA,1.0.0,Yes,SnowCrystalLarge,SnowCrystalLarge,3540,roPJbuZmNfYv9k3Q5
large star fragment,#REF!,#REF!,No,10,NFS,2500,NA,NA,Wishing on shooting stars,,NA,NA,0,Etc,None,None,NA,1.0.0,Yes,StarPieceRare,StarpieceRare,5984,FA6nhbrBzK7ESdoDL
leaf egg,#REF!,#REF!,No,30,NFS,200,NA,NA,Hardwood Tree,Shaking decorated trees,Bunny Day (days before); Bunny Day,Yes,0,Etc,None,None,1,1.1.0,Yes,EggLeaf,EggLeaf,12511,3rZgwsLcirdRrMrND
Leo fragment,#REF!,#REF!,No,10,NFS,500,NA,NA,Wishing on shooting stars,,Leo,Yes,0,Etc,None,None,NA,1.0.0,Yes,StarpieceLeo,StarpieceLeo,5992,kxQAgnSXcGbYHtNLB
Libra fragment,#REF!,#REF!,No,10,NFS,500,NA,NA,Wishing on shooting stars,,Libra,Yes,0,Etc,None,None,NA,1.0.0,Yes,StarpieceLibra,StarpieceLibra,5994,SRpunGqz97ZSyQeKq
light-blue wrapping paper,#REF!,#REF!,No,10,160,40,NA,NA,Nook's Cranny,,NA,NA,0,Etc,None,None,NA,1.0.0,Yes,WPaperLightBlue,WPaperLightBlue,7689,k6ZfmjnoDpGqHWweS
lily-of-the-valley plant,#REF!,NA,No,1,NFS,222,NA,NA,5-star town status,,NA,NA,0,Plants,None,None,NA,1.0.0,Yes,PltSuzuran,PltSuzuran2,7651,LXttqtLN2HF8PhQbu
lollipop,#REF!,#REF!,No,30,NFS,120,NA,NA,All villagers,Reward for gifting candy on Halloween,Halloween,Yes,0,Etc,None,None,1,1.5.0,Yes,Lollipop,Lollipop,13196,9otCnhD4JA4YbTr8u
lost item,#REF!,NA,No,1,NFS,NA,NA,NA,On ground,,NA,NA,0,Unnecessary,None,None,NA,1.0.0,Yes,Porch,LostQuestBag,2374,uncR4zC9xppuSkiij
lost item,#REF!,NA,No,1,NFS,NA,NA,NA,On ground,,NA,NA,0,Unnecessary,None,None,NA,1.0.0,Yes,Book,LostQuestBook,2375,ymD8pZhYvP99PRiYr
lost item,#REF!,NA,No,1,NFS,NA,NA,NA,On ground,,NA,NA,0,Unnecessary,None,None,NA,1.0.0,Yes,LostQuestMemo,LostQuestNote,5426,Fd7AxQwkCjc5RmfRW
lucky money,#REF!,NA,No,1,NFS,NA,NA,NA,Wrapping bells,,Lunar New Year (Nook Shopping),Yes,0,Unnecessary,None,None,NA,1.7.0,Yes,OtoshidamaSealCh,DummyOtoshidamaCh,14042,DX5BE8kcdy8x4g37Q
lucky red envelope,#REF!,#REF!,No,10,500,125,NA,NA,Nook Shopping Seasonal,,Lunar New Year (Nook Shopping),Yes,201,Etc,None,None,NA,1.7.0,Yes,OtoshidamaOpenCh,OtoshidamaCh,13954,Yt48256KettgBctff
manila clam,#REF!,#REF!,No,1,NFS,100,NA,NA,Clam dig spot,,NA,NA,0,Etc,None,None,NA,1.0.0,Yes,ShellFishAsari,FtrShellFishAsari,2567,JFoiWRD9rYYRQchWY
maple leaf,#REF!,#REF!,No,10,NFS,200,NA,NA,Catching with a net,,maple leaves,Yes,0,Etc,None,None,NA,1.0.0,Yes,AutumnLeaf,AutumnLeaf,7374,iNPeEEqdSxkjKFPDS
medicine,#REF!,#REF!,Yes,10,400,100,NA,NA,Crafting; Nook's Cranny,,NA,NA,0,Etc,None,None,NA,1.0.0,Yes,Medicine,ItemMedicine,2777,3pirDraBT9LTcGCDc
message bottle,#REF!,NA,No,1,NFS,NA,NA,NA,Beach,,NA,NA,0,Unnecessary,None,None,NA,1.0.0,Yes,BottleRecipe,MessageBottle,5793,euJRD9W3hqTR3YeGC
mint wrapping paper,#REF!,#REF!,No,10,160,40,NA,NA,Nook's Cranny,,NA,NA,0,Etc,None,None,NA,1.0.0,Yes,WPaperMint,WPaperMint,7688,J7HrFYe8eAajkNBPk
money tree,#REF!,NA,No,1,NFS,240,NA,NA,Burying bells in a glowing spot,,NA,NA,0,Plants,None,None,NA,1.0.0,Yes,PltMoney,PltMoney4,4426,ePzXeAjEBZXBhxuAF
moving kit,#REF!,NA,No,1,NFS,NA,NA,NA,Tom Nook,,NA,NA,0,Unnecessary,None,None,NA,1.0.0,Yes,TentWhite,MovingKitPlayer,5358,MyYYwJYdNvcGSEoFZ
museum moving kit,#REF!,NA,No,1,NFS,NA,NA,NA,Tom Nook,,NA,NA,0,Unnecessary,None,None,NA,1.0.0,Yes,TentWhite,MovingKitMuseum,5361,nrLWMtL3jGmWYDAQM
navy wrapping paper,#REF!,#REF!,No,10,160,40,NA,NA,Nook's Cranny,,NA,NA,0,Etc,None,None,NA,1.0.0,Yes,WPaperNavy,WPaperNavy,7691,Ms5AhyNbJL5DuZrh2
New Reactions Notebook,#REF!,NA,No,1,NFS,NA,3300,Nook Miles,Nook Miles Redemption,,NA,NA,0,Unnecessary,None,None,NA,2.0.0,Yes,HowtoBookExpansion,HowtoBookReaction_v200,14828,STZTMjFRELXTvZaY5
Nook Miles Ticket,#REF!,#REF!,No,10,NFS,10000,2000,Nook Miles,Nook Miles Redemption,Found under the Special tab of the Nook Miles Redemption service.,NA,NA,171,Etc,None,None,NA,1.0.0,Yes,PlaneTicket,MilePlaneTicket,5851,FAn9xRZvpBRAad3E6
old tire,#REF!,#REF!,No,1,NFS,10,NA,NA,Fishing,Large shadow,NA,NA,0,Etc,None,None,NA,1.0.0,Yes,Tire,TrashTire,3470,3S8juGp87QfHvtpyq
orange,#REF!,#REF!,No,10,400,100,NA,NA,Nook's Cranny; Orange Tree,,NA,NA,0,Plants,None,None,1,1.0.0,Yes,Orange,Orange,2214,T54w2hgHB3Edytw3f
orange cosmos,#REF!,#REF!,No,10,NFS,80,NA,NA,Picking flowers,,NA,NA,87,Plants,Orange,Green,NA,1.0.0,Yes,Cosmos4,FlwCosmosOrange,2871,Hvp5sHy7uPHnH2Qda
orange hyacinths,#REF!,#REF!,No,10,NFS,80,NA,NA,Picking flowers,,NA,NA,87,Plants,Orange,Green,NA,1.0.0,Yes,Hyacinth3,FlwHyacinthOrange,3741,H7pirF6ynSFrpgLMN
orange lilies,#REF!,#REF!,No,10,NFS,80,NA,NA,Picking flowers,,NA,NA,87,Plants,Orange,Green,NA,1.0.0,Yes,Yuri3,FlwYuriOrange,2995,Y8kaixfp7SEvzCDCd
orange pansies,#REF!,#REF!,No,10,NFS,80,NA,NA,Picking flowers,,NA,NA,87,Plants,Red,Green,NA,1.0.0,Yes,Pansi4,FlwPansyRedYellow,2919,atQLxZD4CSqYsaNkM
orange pumpkin,#REF!,#REF!,No,10,NFS,350,NA,NA,Picking pumpkins; All villagers,Obtained from crafting villagers during October if player already knows the recipe or as a reward for gifting candy on Halloween,Halloween (days before); Halloween,No,0,Plants,None,None,1,1.5.0,Yes,SquashOrange,SquashOrange,4525,MJsfLZS7DtC3mu5Pc
orange roses,#REF!,#REF!,No,10,NFS,80,NA,NA,Picking flowers,,NA,NA,87,Plants,Orange,Green,NA,1.0.0,Yes,Rose4,FlwRoseOrange,2947,MsnwoMvrqgeH2ZrG6
orange tree,#REF!,NA,No,1,NFS,300,NA,NA,Planting an orange,,NA,NA,0,Plants,None,None,NA,1.0.0,Yes,PltOrange,PltOrange4,3365,RjcKphnD5xgCxeMFM
orange tulips,#REF!,#REF!,No,10,NFS,80,NA,NA,Picking flowers,,NA,NA,87,Plants,Orange,Green,NA,1.0.0,Yes,Turip6,FlwTulipOrange,2895,h9SC924x9vkjSAsBC
orange windflowers,#REF!,#REF!,No,10,NFS,40,NA,NA,Picking flowers,,NA,NA,87,Plants,Orange,Green,NA,1.0.0,Yes,Anemone2,FlwAnemonesOrange,3713,dCQyoCdY9JFYxHXbR
orange wrapping paper,#REF!,#REF!,No,10,160,40,NA,NA,Nook's Cranny,,NA,NA,0,Etc,None,None,NA,1.0.0,Yes,WPaperOrange,WPaperOrange,7685,brMQqHjgqsMz5kdtb
orange-cosmos plant,#REF!,NA,No,1,NFS,80,NA,NA,Breeding,,NA,NA,0,Plants,None,None,NA,1.0.0,Yes,PltCosmos4,PltCosmosOrange3,3832,ZMn3hzNpMRg9vkW7E
orange-hyacinth plant,#REF!,NA,No,1,NFS,80,NA,NA,Breeding,,NA,NA,0,Plants,None,None,NA,1.0.0,Yes,PltHyacinth3,PltHyacinthOrange3,3916,Qm6vasEvBMXEaWDgF
orange-lily plant,#REF!,NA,No,1,NFS,80,NA,NA,Breeding,,NA,NA,0,Plants,None,None,NA,1.0.0,Yes,PltYuri3,PltYuriOrange3,3894,b2dp3BnCjLEQTcyHt
orange-pansy plant,#REF!,NA,No,1,NFS,80,NA,NA,Breeding,,NA,NA,0,Plants,None,None,NA,1.0.0,Yes,PltPansi4,PltPansyRedYellow3,3856,NN4tLZwnXJA7nsQJF
orange-rose plant,#REF!,NA,No,1,NFS,80,NA,NA,Breeding,,NA,NA,0,Plants,None,None,NA,1.0.0,Yes,PltRose4,PltRoseOrange3,3870,WN72HFoZ3fyhwQ5NG
orange-tea-olive bush,#REF!,NA,No,1,NFS,140,NA,NA,Digging up a fully grown bush,,tea olive,No,0,Plants,None,None,NA,1.2.0,Yes,PltBushOsmathusOrange,PltBushOsmathusOrange2,12482,ijnrJoK6XMityJZDM
orange-tea-olive start,#REF!,#REF!,No,10,280,70,NA,NA,Leif,,tea olive,No,0,Plants,None,None,NA,1.2.0,Yes,SeedBushOsmathusOrange,SeedBushOsmathusOrange,12480,QRyD9Q4f7vzqQdeCs
orange-tulip plant,#REF!,NA,No,1,NFS,80,NA,NA,Breeding,,NA,NA,0,Plants,None,None,NA,1.0.0,Yes,PltTurip6,PltTulipOrange3,3844,iYi6dRqA3vA8fb4oZ
orange-windflower bag,#REF!,#REF!,No,10,240,60,NA,NA,Nook's Cranny; Leif,,NA,NA,0,Plants,None,None,NA,1.0.0,Yes,SeedPaperbag3,SeedAnemonesOrange,3714,HuPd5NbyLkkFvigEo
orange-windflower plant,#REF!,NA,No,1,NFS,40,NA,NA,Seed bag,,NA,NA,0,Plants,None,None,NA,1.0.0,Yes,PltAnemone2,PltAnemonesOrange3,3900,E9PAkZEzQ3HaJiRqy
otoshidama,#REF!,NA,No,1,NFS,NA,NA,NA,Wrapping bells,,Shōgatsu,Yes,0,Unnecessary,None,None,NA,2.0.0,Yes,OtoshidamaSealJp,DummyOtoshidamaJp,14044,RzcXgZYNaqnrTzn2w
otoshidama envelope,#REF!,#REF!,No,10,500,125,NA,NA,Nook Shopping Seasonal,,Shōgatsu,Yes,201,Etc,None,None,NA,2.0.0,Yes,OtoshidamaOpenJp,OtoshidamaJp,13956,yJaHYJQogtbCLqnjT
Paradise Planning case,#REF!,#REF!,No,1,NFS,625,2200,Poki,Wardell,,Happy Home Paradise,Yes,151,Etc,None,None,NA,2.0.0,Yes,SmartphoneCaseOtg,SmartphoneCaseOtg,14820,gzc3vqZZhLZj3iHt8
peach,#REF!,#REF!,No,10,400,100,NA,NA,Nook's Cranny; Peach Tree,,NA,NA,0,Plants,None,None,1,1.0.0,Yes,Peach,Peach,2286,qjF3dwhQy3e2LiWtr
peach tree,#REF!,NA,No,1,NFS,300,NA,NA,Planting a peach,,NA,NA,0,Plants,None,None,NA,1.0.0,Yes,PltPeach,PltPeach4,3375,jr4TgJyTJyZ933o6T
pear,#REF!,#REF!,No,10,400,100,NA,NA,Nook's Cranny; Pear Tree,,NA,NA,0,Plants,None,None,1,1.0.0,Yes,Pear,Pear,2285,pnTL7PHd4rtyzkanu
pear tree,#REF!,NA,No,1,NFS,300,NA,NA,Planting a pear,,NA,NA,0,Plants,None,None,NA,1.0.0,Yes,PltPear,PltPear4,3370,7kQWGcj7EmNqj8KiL
pearl,#REF!,#REF!,No,30,NFS,10000,NA,NA,Dive spot; Pascal,,NA,NA,251,Etc,None,None,NA,1.3.0,Yes,Pearl,Pearl,12968,EtiYMntRoS8RN53Rn
pine cone,#REF!,#REF!,No,30,NFS,200,NA,NA,Cedar Tree,Shaking,acorns and pine cones,Yes,0,Etc,None,None,NA,1.0.0,Yes,DIYPinecone,DIYPinecone,5728,pKvkjhsyir2FimNts
pink cosmos,#REF!,#REF!,No,10,NFS,80,NA,NA,Picking flowers,,NA,NA,87,Plants,Pink,Green,NA,1.0.0,Yes,Cosmos3,FlwCosmosPink,2867,898Ts8bbEr7iNZzGG
pink hyacinths,#REF!,#REF!,No,10,NFS,80,NA,NA,Picking flowers,,NA,NA,87,Plants,Pink,Green,NA,1.0.0,Yes,Hyacinth4,FlwHyacinthPink,3738,wNbmG4DKhkErfibGX
pink lilies,#REF!,#REF!,No,10,NFS,80,NA,NA,Picking flowers,,NA,NA,87,Plants,Pink,Green,NA,1.0.0,Yes,Yuri4,FlwYuriPink,2991,kiCkkhX3PNkfauJXo
pink mums,#REF!,#REF!,No,10,NFS,80,NA,NA,Picking flowers,,NA,NA,87,Plants,Pink,Green,NA,1.0.0,Yes,Mum3,FlwMumPink,3765,xNhBxScQvumKJeYDz
pink roses,#REF!,#REF!,No,10,NFS,80,NA,NA,Picking flowers,,NA,NA,87,Plants,Pink,Green,NA,1.0.0,Yes,Rose3,FlwRosePink,2943,Y3XgoGJjbP4FARKP8
pink tulips,#REF!,#REF!,No,10,NFS,80,NA,NA,Picking flowers,,NA,NA,87,Plants,Pink,Green,NA,1.0.0,Yes,Turip3,FlwTulipPink,2891,xsXifs2QAihKWQneZ
pink windflowers,#REF!,#REF!,No,10,NFS,80,NA,NA,Picking flowers,,NA,NA,87,Plants,Pink,Green,NA,1.0.0,Yes,Anemone3,FlwAnemonesPink,3720,ap2QtwXRXd3rCw99D
pink wrapping paper,#REF!,#REF!,No,10,160,40,NA,NA,Nook's Cranny,,NA,NA,0,Etc,None,None,NA,1.0.0,Yes,WPaperPink,WPaperPink,7684,nRfsjMz6ctyb5gpGt
pink-azalea bush,#REF!,NA,No,1,NFS,140,NA,NA,Digging up a fully grown bush,,azalea,No,0,Plants,None,None,NA,1.2.0,Yes,PltAzaleaPink,PltAzaleaPink2,3788,jy3SJweiZ5ketX4zg
pink-azalea start,#REF!,#REF!,No,10,280,70,NA,NA,Leif,,azalea,No,0,Plants,None,None,NA,1.2.0,Yes,SeedAzaleaPink,SeedAzaleaPink,3786,R69MFoTNoTFaAFokq
pink-camellia bush,#REF!,NA,No,1,NFS,140,NA,NA,Digging up a fully grown bush,,camellia,No,0,Plants,None,None,NA,1.2.0,Yes,PltBushCamelliaPink,PltBushCamelliaPink2,12492,tKaeYZdRmGtTShfmH
pink-camellia start,#REF!,#REF!,No,10,280,70,NA,NA,Leif,,camellia,No,0,Plants,None,None,NA,1.2.0,Yes,SeedBushCamelliaPink,SeedBushCamelliaPink,12490,nWKkXpxtQqLCtmPEG
pink-cosmos plant,#REF!,NA,No,1,NFS,80,NA,NA,Breeding,,NA,NA,0,Plants,None,None,NA,1.0.0,Yes,PltCosmos3,PltCosmosPink3,3830,sPeds6o4kAXvts6mc
pink-hyacinth plant,#REF!,NA,No,1,NFS,80,NA,NA,Breeding,,NA,NA,0,Plants,None,None,NA,1.0.0,Yes,PltHyacinth4,PltHyacinthPink3,3914,3w8JnddzGnc2yb4LF
pink-hydrangea bush,#REF!,NA,No,1,NFS,140,NA,NA,Digging up a fully grown bush,,hydrangea,No,0,Plants,None,None,NA,1.2.0,Yes,PltHydrangeaPink,PltHydrangeaPink2,3796,t3sEjgXcrmrJ9WbS7
pink-hydrangea start,#REF!,#REF!,No,10,280,70,NA,NA,Leif,,hydrangea,No,0,Plants,None,None,NA,1.2.0,Yes,SeedHydrangeaPink,SeedHydrangeaPink,3794,MeN5MT4W7J4dbcWcC
pink-lily plant,#REF!,NA,No,1,NFS,80,NA,NA,Breeding,,NA,NA,0,Plants,None,None,NA,1.0.0,Yes,PltYuri4,PltYuriPink3,3892,iRrTAcjkNBukdsAQm
pink-mum plant,#REF!,NA,No,1,NFS,80,NA,NA,Breeding,,NA,NA,0,Plants,None,None,NA,1.0.0,Yes,PltMum3,PltMumPink3,3930,yP44c6mMQC7u5udxv
pink-plumeria bush,#REF!,NA,No,1,NFS,140,NA,NA,Digging up a fully grown bush,,plumeria,No,0,Plants,None,None,NA,2.0.0,Yes,PltBushPlumeriaPink,PltBushPlumeriaPink2,13264,QqJ7SMtBQEmJcAYy8
pink-plumeria start,#REF!,#REF!,No,10,280,70,NA,NA,Leif,,plumeria,No,0,Plants,None,None,NA,2.0.0,Yes,SeedBushPlumeriaPink,SeedBushPlumeriaPink,13262,HLWaYrp8ux4jyqYmZ
pink-rose plant,#REF!,NA,No,1,NFS,80,NA,NA,Breeding,,NA,NA,0,Plants,None,None,NA,1.0.0,Yes,PltRose3,PltRosePink3,3868,wpLag9jyPSoMr6wcW
pink-tulip plant,#REF!,NA,No,1,NFS,80,NA,NA,Breeding,,NA,NA,0,Plants,None,None,NA,1.0.0,Yes,PltTurip3,PltTulipPink3,3842,usSvXn26PTCuavTHo
pink-windflower plant,#REF!,NA,No,1,NFS,80,NA,NA,Breeding,,NA,NA,0,Plants,None,None,NA,1.0.0,Yes,PltAnemone3,PltAnemonesPink3,3904,YJfanQias2fdR9t9X
Pisces fragment,#REF!,#REF!,No,10,NFS,500,NA,NA,Wishing on shooting stars,,Pisces,Yes,0,Etc,None,None,NA,1.0.0,Yes,StarpiecePisces,StarpiecePisces,5987,nCwjX8yHBFefjAion
pitfall seed,#REF!,#REF!,Yes,10,NFS,140,NA,NA,Crafting,,NA,NA,0,Etc,None,None,NA,1.0.0,Yes,SeedPitfall,PitfallSeed,2578,HYdEMJJQXzoudrWDT
plot 1 housing kit,#REF!,NA,No,1,NFS,NA,NA,NA,Tom Nook,,NA,NA,0,Unnecessary,None,None,NA,1.0.0,Yes,TentWhite,HousingKitRcoQuestA,5827,2JkqabfsQ26vYe7Fp
plot 2 housing kit,#REF!,NA,No,1,NFS,NA,NA,NA,Tom Nook,,NA,NA,0,Unnecessary,None,None,NA,1.0.0,Yes,TentWhite,HousingKitRcoQuestB,5828,h63H2kQtzWceBt57Y
plot 3 housing kit,#REF!,NA,No,1,NFS,NA,NA,NA,Tom Nook,,NA,NA,0,Unnecessary,None,None,NA,1.0.0,Yes,TentWhite,HousingKitRcoQuestC,5829,5JGfxP3vczLy755Y4
Pocket Camp phone case,#REF!,#REF!,No,1,2000,500,NA,NA,Nook Shopping Promotion,,NA,NA,178,Etc,None,None,NA,1.6.0,Yes,SmartphoneCaseComp,SmartphoneCaseComp,13439,cB4KmrbAxssgvXhNP
Pocket Organization Guide,#REF!,NA,No,1,NFS,NA,5000,Nook Miles,Nook Miles Redemption,,NA,NA,0,Unnecessary,None,None,NA,1.0.0,Yes,HowtoBookExpansion,HowtoBookPocketExpansion,9052,rMYGGvqwXxrzrA2FG
potato,#REF!,#REF!,No,10,NFS,350,NA,NA,Picking potatoes,,NA,NA,0,Plants,None,None,1,2.0.0,Yes,Potato,Potato,3039,JSA2QRMvsyyTg4hPL
present,#REF!,NA,No,1,NFS,NA,NA,NA,Mail,,NA,NA,0,Unnecessary,None,None,NA,1.0.0,Yes,Present,DummyPresentbox,4480,eKkBqvy3TwbZbNQWZ
present (black),#REF!,#REF!,No,1,NFS,NA,NA,NA,Wrapping a present,,NA,NA,0,Etc,None,None,NA,1.0.0,Yes,WBagBlack,DummyWrappingBlack,7714,Fz8reyFJoWrSLQSvq
present (blue),#REF!,#REF!,No,1,NFS,NA,NA,NA,Wrapping a present,,NA,NA,0,Etc,None,None,NA,1.0.0,Yes,WBagBlue,DummyWrappingBlue,7708,f38mKJ6yzmhtjyWXS
present (brown),#REF!,#REF!,No,1,NFS,NA,NA,NA,Wrapping a present,,NA,NA,0,Etc,None,None,NA,1.0.0,Yes,WBagBrown,DummyWrappingBrown,7712,hwkpJC9vq2AYKrhqe
present (chartreuse),#REF!,#REF!,No,1,NFS,NA,NA,NA,Wrapping a present,,NA,NA,0,Etc,None,None,NA,1.0.0,Yes,WBagLightGreen,DummyWrappingLightGreen,7702,78JwZftyosktxaKyQ
present (gold),#REF!,#REF!,No,1,NFS,NA,NA,NA,Wrapping a present,,NA,NA,0,Etc,None,None,NA,1.0.0,Yes,WBagGold,DummyWrappingGold,7711,JzsQLAwTvEPAZ2f9x
present (gray),#REF!,#REF!,No,1,NFS,NA,NA,NA,Wrapping a present,,NA,NA,0,Etc,None,None,NA,1.0.0,Yes,WBagGary,DummyWrappingGary,7713,fw5ehh62f4u6rvQbw
present (green),#REF!,#REF!,No,1,NFS,NA,NA,NA,Wrapping a present,,NA,NA,0,Etc,None,None,NA,1.0.0,Yes,WBagGreen,DummyWrappingGreen,7703,9uhhf44dFKeQ4b5zP
present (light-blue),#REF!,#REF!,No,1,NFS,NA,NA,NA,Wrapping a present,,NA,NA,0,Etc,None,None,NA,1.0.0,Yes,WBagLightBlue,DummyWrappingLightBlue,7705,gFWMoXzFEjAaBkoFi
present (mint),#REF!,#REF!,No,1,NFS,NA,NA,NA,Wrapping a present,,NA,NA,0,Etc,None,None,NA,1.0.0,Yes,WBagMint,DummyWrappingMint,7704,uWkGsjeN7twxbeXLR
present (navy),#REF!,#REF!,No,1,NFS,NA,NA,NA,Wrapping a present,,NA,NA,0,Etc,None,None,NA,1.0.0,Yes,WBagNavy,DummyWrappingNavy,7707,YeKbW5aZJbTqDGemJ
present (orange),#REF!,#REF!,No,1,NFS,NA,NA,NA,Wrapping a present,,NA,NA,0,Etc,None,None,NA,1.0.0,Yes,WBagOrange,DummyWrappingOrange,7701,nHGaD5m8mC7s7CXvL
present (pink),#REF!,#REF!,No,1,NFS,NA,NA,NA,Wrapping a present,,NA,NA,0,Etc,None,None,NA,1.0.0,Yes,WBagPink,DummyWrappingPink,7700,pvtYwhqa379pE76XE
present (purple),#REF!,#REF!,No,1,NFS,NA,NA,NA,Wrapping a present,,NA,NA,0,Etc,None,None,NA,1.0.0,Yes,WBagPurple,DummyWrappingPurple,7706,7hrL79hJbARyu7ipm
present (red),#REF!,#REF!,No,1,NFS,NA,NA,NA,Wrapping a present,,NA,NA,0,Etc,None,None,NA,1.0.0,Yes,WBagRed,DummyWrappingRed,7710,id6zFR4kWdzBig22Z
present (white),#REF!,#REF!,No,1,NFS,NA,NA,NA,Wrapping a present,,NA,NA,0,Etc,None,None,NA,1.0.0,Yes,WBagWhite,DummyWrappingWhite,7709,a5AhJAfzsgzgTfMty
present (yellow),#REF!,#REF!,No,1,NFS,NA,NA,NA,Wrapping a present,,NA,NA,0,Etc,None,None,NA,1.0.0,Yes,WBagYellow,DummyWrappingYellow,7699,BammpXwkmiSSZ7uxz
Pretty Good Tools Recipes,#REF!,NA,No,1,NFS,NA,3000,Nook Miles,Nook Miles Redemption,,NA,NA,0,Unnecessary,None,None,NA,1.0.0,Yes,BookRecipe,DIYbookNormalTools,9221,qX2D6tr7ba6exWbPj
Pro Camera App,#REF!,NA,No,1,NFS,NA,1500,Nook Miles,Nook Miles Redemption,,NA,NA,0,Unnecessary,None,None,NA,2.0.0,Yes,CameraAppPro,HowtoBook1stPersonCamera,14695,ewzfTCou2LjigL3u4
Pro Construction License,#REF!,NA,No,1,NFS,NA,3000,Nook Miles,Nook Miles Redemption,,NA,NA,0,Unnecessary,None,None,NA,2.0.0,Yes,HowtoBookExpansion,HowtoBookAddBridgeSlope,14914,xccbsyKLfNacT2atx
Pro Decorating License,#REF!,NA,No,1,NFS,NA,2500,Nook Miles,Nook Miles Redemption,,NA,NA,0,Unnecessary,None,None,NA,2.0.0,Yes,HowtoBookExpansion,HowtoBookCeilingFtrAccentWall,14693,ncbqaFKoHGJtCaL3a
pumpkin start,#REF!,#REF!,No,10,280,70,NA,NA,Nook's Cranny; Leif,"Since 1.6.0, Leif sells pumpkin starts year-round.",Halloween (days before); Halloween,No,0,Plants,None,None,NA,1.5.0,Yes,SeedlingVegetable,SeedSquash,13227,3zojbttjJXhz4eFCE
purple feather,#REF!,#REF!,No,3,NFS,200,NA,NA,Catching with a net,,Festivale,Yes,0,Etc,Purple,Purple,NA,1.7.0,Yes,FeatherPpl,FeatherPurple,3545,7HKiTAhpqRKwDHa9y
purple hyacinths,#REF!,#REF!,No,10,NFS,240,NA,NA,Picking flowers,,NA,NA,87,Plants,Purple,Green,NA,1.0.0,Yes,Hyacinth5,FlwHyacinthPurple,3751,9F9TFje8ycfZHtGwb
purple mums,#REF!,#REF!,No,10,NFS,80,NA,NA,Picking flowers,,NA,NA,87,Plants,Purple,Green,NA,1.0.0,Yes,Mum5,FlwMumPurple,3762,Cx4oGE5eG4dByu52t
purple pansies,#REF!,#REF!,No,10,NFS,240,NA,NA,Picking flowers,,NA,NA,87,Plants,Purple,Green,NA,1.0.0,Yes,Pansi3,FlwPansyPurple,2923,j7gZeSSTHAcNjGTz7
purple roses,#REF!,#REF!,No,10,NFS,240,NA,NA,Picking flowers,,NA,NA,87,Plants,Purple,Green,NA,1.0.0,Yes,Rose5,FlwRosePurple,2951,7YDMvyAt4FvfmZzpX
purple tulips,#REF!,#REF!,No,10,NFS,240,NA,NA,Picking flowers,,NA,NA,87,Plants,Purple,Green,NA,1.0.0,Yes,Turip4,FlwTulipPurple,2899,ifT7cGFbysTHCWFES
purple windflowers,#REF!,#REF!,No,10,NFS,240,NA,NA,Picking flowers,,NA,NA,87,Plants,Purple,Green,NA,1.0.0,Yes,Anemone4,FlwAnemonesPurple,3727,k8fi3AsuMB335GrxH
purple wrapping paper,#REF!,#REF!,No,10,160,40,NA,NA,Nook's Cranny,,NA,NA,0,Etc,None,None,NA,1.0.0,Yes,WPaperPurple,WPaperPurple,7690,XYFjS9w89jxHJTJks
purple-hyacinth plant,#REF!,NA,No,1,NFS,240,NA,NA,Breeding,,NA,NA,0,Plants,None,None,NA,1.0.0,Yes,PltHyacinth5,PltHyacinthPurple3,3922,25W3Z8QHvkuxynosQ
purple-mum plant,#REF!,NA,No,1,NFS,80,NA,NA,Breeding,,NA,NA,0,Plants,None,None,NA,1.0.0,Yes,PltMum5,PltMumPurple3,3928,h5JsnSkRkX5nHgvkJ
purple-pansy plant,#REF!,NA,No,1,NFS,240,NA,NA,Breeding,,NA,NA,0,Plants,None,None,NA,1.0.0,Yes,PltPansi3,PltPansyPurple3,3858,TRTMbvSzctgwWM6is
purple-rose plant,#REF!,NA,No,1,NFS,240,NA,NA,Breeding,,NA,NA,0,Plants,None,None,NA,1.0.0,Yes,PltRose5,PltRosePurple3,3872,o8Z9gXXxjwrerp3Xm
purple-tulip plant,#REF!,NA,No,1,NFS,240,NA,NA,Breeding,,NA,NA,0,Plants,None,None,NA,1.0.0,Yes,PltTurip4,PltTulipPurple3,3846,P5kEKdgi4EkF3Fxge
purple-windflower plant,#REF!,NA,No,1,NFS,240,NA,NA,Breeding,,NA,NA,0,Plants,None,None,NA,1.0.0,Yes,PltAnemone4,PltAnemonesPurple3,3908,K2PvXjrjRrJcxWKDZ
rainbow feather,#REF!,#REF!,Yes,1,NFS,1600,NA,NA,Crafting; Catching with a net,,Festivale,Yes,0,Etc,Colorful,Colorful,NA,1.7.0,Yes,FeatherRainbow,FeatherRainbow,3548,dPZSTbDt7jgKpw5xD
rare mushroom,#REF!,#REF!,No,10,NFS,16000,NA,NA,Dig Spot,Near cedar and hardwood trees,mushrooms,Yes,0,Plants,None,None,1,1.0.0,Yes,Mush4,MushRare,3280,TBrdJZWSzGth68Hs9
red cosmos,#REF!,#REF!,No,10,NFS,40,NA,NA,Picking flowers,,NA,NA,87,Plants,Red,Green,NA,1.0.0,Yes,Cosmos1,FlwCosmosRed,2304,df2GEMdr8rzF848iG
red feather,#REF!,#REF!,No,3,NFS,200,NA,NA,Catching with a net,,Festivale,Yes,0,Etc,Red,Red,NA,1.7.0,Yes,FeatherRed,FeatherRed,3541,gLSytGm9mxZM55pbo
red hyacinths,#REF!,#REF!,No,10,NFS,40,NA,NA,Picking flowers,,NA,NA,87,Plants,Red,Green,NA,1.0.0,Yes,Hyacinth2,FlwHyacinthRed,3744,ch44Hxnuhc4xFnaGq
red lilies,#REF!,#REF!,No,10,NFS,40,NA,NA,Picking flowers,,NA,NA,87,Plants,Red,Green,NA,1.0.0,Yes,Yuri2,FlwYuriRed,2983,Ccbkzs9BxFwttCGux
red mums,#REF!,#REF!,No,10,NFS,40,NA,NA,Picking flowers,,NA,NA,87,Plants,Red,Green,NA,1.0.0,Yes,Mum2,FlwMumRed,3768,YbZtSHeqdMEZfvMSj
red ornament,#REF!,#REF!,No,30,NFS,50,NA,NA,Cedar Tree,Shaking decorated trees,ornaments,Yes,0,Etc,None,None,NA,1.0.0,Yes,ChristmasOrnamentA,DIYOrnamentRed,5730,n7d3HHquNv3trZZ6a
red pansies,#REF!,#REF!,No,10,NFS,40,NA,NA,Picking flowers,,NA,NA,87,Plants,Red,Green,NA,1.0.0,Yes,Pansi2,FlwPansyRed,2911,nifAbNAEXppAEJ2Rc
red roses,#REF!,#REF!,No,10,NFS,40,NA,NA,Picking flowers,,NA,NA,87,Plants,Red,Green,NA,1.0.0,Yes,Rose0,FlwRoseRed,2935,6whx4t9k8aztJN6a4
red tulips,#REF!,#REF!,No,10,NFS,40,NA,NA,Picking flowers,,NA,NA,87,Plants,Red,Green,NA,1.0.0,Yes,Turip0,FlwTulipRed,2883,wbJwAKy9SJsuWeHLn
red windflowers,#REF!,#REF!,No,10,NFS,40,NA,NA,Picking flowers,,NA,NA,87,Plants,Red,Green,NA,1.0.0,Yes,Anemone1,FlwAnemonesRed,3723,JRcjMczbQ6geDSWDb
red wrapping paper,#REF!,#REF!,No,10,160,40,NA,NA,Nook's Cranny,,NA,NA,0,Etc,None,None,NA,1.0.0,Yes,WPaperRed,WPaperRed,7694,AN7s2Q67gmpxy89Tv
red-camellia bush,#REF!,NA,No,1,NFS,140,NA,NA,Digging up a fully grown bush,,camellia,No,0,Plants,None,None,NA,1.2.0,Yes,PltBushCamelliaRed,PltBushCamelliaRed2,12489,wBA9LGru4uetCqQsx
red-camellia start,#REF!,#REF!,No,10,280,70,NA,NA,Leif,,camellia,No,0,Plants,None,None,NA,1.2.0,Yes,SeedBushCamelliaRed,SeedBushCamelliaRed,12487,wZBBMZvxkDz22tpLo
red-cosmos bag,#REF!,#REF!,No,10,240,60,NA,NA,Nook's Cranny; Leif,,NA,NA,0,Plants,None,None,NA,1.0.0,Yes,SeedPaperbag0,SeedCosmosRed,2626,uSN5GeiPFdq4sXM9p
red-cosmos plant,#REF!,NA,No,1,NFS,40,NA,NA,Seed bag,,NA,NA,0,Plants,None,None,NA,1.0.0,Yes,PltCosmos1,PltCosmosRed3,3824,6DQtRdnKv3wncjoLn
red-hibiscus bush,#REF!,NA,No,1,NFS,140,NA,NA,Digging up a fully grown bush,,hibiscus,No,0,Plants,None,None,NA,1.2.0,Yes,PltHibiscusRed,PltHibiscusRed2,3022,9L4XDnErnxfq4WzYC
red-hibiscus start,#REF!,#REF!,No,10,280,70,NA,NA,Leif,,hibiscus,No,0,Plants,None,None,NA,1.2.0,Yes,SeedHibiscusRed,SeedHibiscusRed,3019,fru8KaSmhXoKiPmxJ
red-hyacinth bag,#REF!,#REF!,No,10,240,60,NA,NA,Nook's Cranny; Leif,,NA,NA,0,Plants,None,None,NA,1.0.0,Yes,SeedPaperbag0,SeedHyacinthRed,3745,4hfNdxNQWkQ9qf6QN
red-hyacinth plant,#REF!,NA,No,1,NFS,40,NA,NA,Seed bag,,NA,NA,0,Plants,None,None,NA,1.0.0,Yes,PltHyacinth2,PltHyacinthRed3,3918,2NJn5Znkpfj3PZ3h4
red-lily bag,#REF!,#REF!,No,10,240,60,NA,NA,Nook's Cranny; Leif,,NA,NA,0,Plants,None,None,NA,1.0.0,Yes,SeedPaperbag0,SeedYuriRed,2984,6omvRhe5bmd4Abd3z
red-lily plant,#REF!,NA,No,1,NFS,40,NA,NA,Seed bag,,NA,NA,0,Plants,None,None,NA,1.0.0,Yes,PltYuri2,PltYuriRed3,3888,FpdTm8BJu2va7bxe3
red-mum bag,#REF!,#REF!,No,10,240,60,NA,NA,Nook's Cranny; Leif,,NA,NA,0,Plants,None,None,NA,1.0.0,Yes,SeedPaperbag0,SeedMumRed,3769,BZzzrHDtZyDqP9Jot
red-mum plant,#REF!,NA,No,1,NFS,40,NA,NA,Seed bag,,NA,NA,0,Plants,None,None,NA,1.0.0,Yes,PltMum2,PltMumRed3,3932,pdhzKEEKEWtCGLMj7
red-pansy bag,#REF!,#REF!,No,10,240,60,NA,NA,Nook's Cranny; Leif,,NA,NA,0,Plants,None,None,NA,1.0.0,Yes,SeedPaperbag0,SeedPansyRed,2912,H2phax8XGcyfsxHyM
red-pansy plant,#REF!,NA,No,1,NFS,40,NA,NA,Seed bag,,NA,NA,0,Plants,None,None,NA,1.0.0,Yes,PltPansi2,PltPansyRed3,3852,BQJWgPE6ouCBiNoZn
red-rose bag,#REF!,#REF!,No,10,240,60,NA,NA,Nook's Cranny; Leif,,NA,NA,0,Plants,None,None,NA,1.0.0,Yes,SeedPaperbag0,SeedRoseRed,2936,e7SNQmbsXKT3pkkzS
red-rose plant,#REF!,NA,No,1,NFS,40,NA,NA,Seed bag,,NA,NA,0,Plants,None,None,NA,1.0.0,Yes,PltRose0,PltRoseRed3,3864,A8c3nW23t98zEzuPY
red-tulip bag,#REF!,#REF!,No,10,240,60,NA,NA,Nook's Cranny; Leif,,NA,NA,0,Plants,None,None,NA,1.0.0,Yes,SeedPaperbag0,SeedTulipRed,2884,6WnmQcHeeC9MAELud
red-tulip plant,#REF!,NA,No,1,NFS,40,NA,NA,Seed bag,,NA,NA,0,Plants,None,None,NA,1.0.0,Yes,PltTurip0,PltTulipRed3,3838,vq6FQiZSEprG7z24A
red-windflower bag,#REF!,#REF!,No,10,240,60,NA,NA,Nook's Cranny; Leif,,NA,NA,0,Plants,None,None,NA,1.0.0,Yes,SeedPaperbag0,SeedAnemonesRed,3724,gstfXhxq6i9XsQeMu
red-windflower plant,#REF!,NA,No,1,NFS,40,NA,NA,Seed bag,,NA,NA,0,Plants,None,None,NA,1.0.0,Yes,PltAnemone1,PltAnemonesRed3,3906,R8JKJkD6gjEK548a2
ripe carrot plant,#REF!,NA,No,1,NFS,350,NA,NA,Digging up a carrot plant,,NA,NA,0,Plants,None,None,NA,2.0.0,Yes,PltCarrot,PltCarrot3,12905,quPQ8PvMvMve7BmNX
ripe green-pumpkin plant,#REF!,NA,No,1,NFS,350,NA,NA,Digging up a pumpkin plant,,Halloween (days before); Halloween,No,0,Plants,None,None,NA,1.5.0,Yes,PltSquashGreen,PltSquashGreen3,4540,ayPbtaq8CwpKNapLf
ripe orange-pumpkin plant,#REF!,NA,No,1,NFS,350,NA,NA,Digging up a pumpkin plant,,Halloween (days before); Halloween,No,0,Plants,None,None,NA,1.5.0,Yes,PltSquashOrange,PltSquashOrange3,4532,RusnnqE3aY6t7ThJR
ripe potato plant,#REF!,NA,No,1,NFS,350,NA,NA,Digging up a potato plant,,NA,NA,0,Plants,None,None,NA,2.0.0,Yes,PltPotato,PltPotato3,12902,eGHF3wrRFYbiE2Ktc
ripe sugarcane plant,#REF!,NA,No,1,NFS,350,NA,NA,Digging up a sugarcane plant,,NA,NA,0,Plants,None,None,NA,2.0.0,Yes,PltSugarCane,PltSugarCane3,12900,Mb3ZWQvCwpZnZhM9D
ripe tomato plant,#REF!,NA,No,1,NFS,350,NA,NA,Digging up a tomato plant,,NA,NA,0,Plants,None,None,NA,2.0.0,Yes,PltTomato,PltTomato3,12898,Cr5D2AzSMXXzACg4b
ripe wheat plant,#REF!,NA,No,1,NFS,350,NA,NA,Digging up a wheat plant,,NA,NA,0,Plants,None,None,NA,2.0.0,Yes,PltWheat,PltWheat3,12899,eAbi74E3NBaZgv2qM
ripe white-pumpkin plant,#REF!,NA,No,1,NFS,350,NA,NA,Digging up a pumpkin plant,,Halloween (days before); Halloween,No,0,Plants,None,None,NA,1.5.0,Yes,PltSquashWhite,PltSquashWhite3,4544,YPMgJmtwRiS4pYtQa
ripe yellow-pumpkin plant,#REF!,NA,No,1,NFS,350,NA,NA,Digging up a pumpkin plant,,Halloween (days before); Halloween,No,0,Plants,None,None,NA,1.5.0,Yes,PltSquashYellow,PltSquashYellow3,4536,R2ZZWCxaLK9Jcw7SK
round mushroom,#REF!,#REF!,No,10,NFS,200,NA,NA,On ground,,mushrooms,Yes,0,Plants,None,None,1,1.0.0,Yes,Mush1,MushRound,3277,x8LdsoLTpK3eNLsLP
rusted part,#REF!,#REF!,No,10,NFS,10,NA,NA,Recycle box,,NA,NA,0,Etc,None,None,NA,1.0.0,Yes,JohnnyQuestDust1,JohnnyQuestDust1,2389,eNswgjstdGpp6XoKz
Sagittarius fragment,#REF!,#REF!,No,10,NFS,500,NA,NA,Wishing on shooting stars,,Sagittarius,Yes,0,Etc,None,None,NA,1.0.0,Yes,StarpieceSagittarius,StarpieceSagittarius,5996,9R62eP8SNmyp2BKCw
Saharah Ticket,#REF!,#REF!,No,5,NFS,100,NA,NA,Saharah,,NA,NA,0,Etc,None,None,NA,1.0.0,Yes,RollanTicket,RollanTicket,9261,hcEpSZjo7pxbNQ4B9
sand dollar,#REF!,#REF!,No,10,NFS,120,NA,NA,Beach,,NA,NA,0,Etc,None,None,NA,1.0.0,Yes,Shell8,ShellDriftSanddollar,1379,7QMCD99jYqLWHvEnR
sand path permit,#REF!,NA,No,1,NFS,NA,2000,Nook Miles,Nook Miles Redemption,Found under the Special tab of the Nook Miles Redemption service.,NA,NA,0,Unnecessary,None,None,NA,1.0.0,Yes,Helmet,FtrGroundMakerSand,8777,Pw8J67aWPkpfyd2Wa
sapling,#REF!,#REF!,No,10,640,160,NA,NA,Nook's Cranny,,NA,NA,0,Plants,None,None,NA,1.0.0,Yes,Seedling,SeedOak,2794,cD3cQwuLBqLJe2WeM
Scorpius fragment,#REF!,#REF!,No,10,NFS,500,NA,NA,Wishing on shooting stars,,Scorpio,Yes,0,Etc,None,None,NA,1.0.0,Yes,StarpieceScorpio,StarpieceScorpio,5995,qGiMqtK2j3TsC7bNu
sea snail,#REF!,#REF!,No,10,NFS,180,NA,NA,Beach,,NA,NA,0,Etc,None,None,NA,1.0.0,Yes,Shell6,ShellDriftEbisu,1374,5wagvDKnQqp7a3xWD
sebaetdon,#REF!,NA,No,1,NFS,NA,NA,NA,Wrapping bells,,Seollal,Yes,0,Unnecessary,None,None,NA,1.7.0,Yes,OtoshidamaSealKr,DummyOtoshidamaKr,14043,ePrzqT5HRMpbfdn7y
seed potato,#REF!,#REF!,No,10,280,70,NA,NA,Leif,,NA,NA,0,Plants,None,None,NA,2.0.0,Yes,SeedlingVegetable,SeedPotato,3040,uxiLYB9gyNwmZjWaZ
shop construction kit,#REF!,NA,No,1,NFS,NA,NA,NA,Tom Nook,,NA,NA,0,Unnecessary,None,None,NA,1.0.0,Yes,TentWhite,ShopTent,2756,GgwtWhgJSRb3E4gFt
shop moving kit,#REF!,NA,No,1,NFS,NA,NA,NA,Tom Nook,,NA,NA,0,Unnecessary,None,None,NA,1.0.0,Yes,TentWhite,MovingKitShop,5360,9LmRipQ63jBZ3CGWq
skinny mushroom,#REF!,#REF!,No,10,NFS,300,NA,NA,On ground,,mushrooms,Yes,0,Plants,None,None,1,1.0.0,Yes,Mush2,MushSlender,3278,y2htnyw8eDSR8JHJg
sky egg,#REF!,#REF!,No,30,NFS,200,NA,NA,Egg balloon,,Bunny Day (days before); Bunny Day,Yes,0,Etc,None,None,1,1.1.0,Yes,EggSky,EggSky,12513,SLJ273SKGouTZWTzY
snowflake,#REF!,#REF!,No,10,NFS,200,NA,NA,Catching with a net,,snowflakes,Yes,0,Etc,None,None,NA,1.0.0,Yes,SnowCrystal,SnowCrystal,3539,Ru7DDSmgAT9dxL8cL
softwood,#REF!,#REF!,No,30,NFS,60,NA,NA,Chopping a tree,,NA,NA,0,Etc,None,None,NA,1.0.0,Yes,DIYWoodSoft,DIYWoodSoft,2767,uP3kCjbqrmTKeo2Ya
souvenir chocolates,#REF!,#REF!,No,10,NFS,222,800,Poki,HHP Office,,NA,NA,0,Etc,None,None,1,2.0.0,Yes,SouvenirChocolate,SouvenirChocolate,13104,Eyat3se8Qndpk6Kfv
spoiled turnips,#REF!,#REF!,No,1,NFS,100,NA,NA,Expired turnips,,NA,NA,0,Etc,None,None,NA,1.0.0,Yes,BadKabu,Kabu_Spoil,2642,xPacPLbSrKbYSjBAd
star fragment,#REF!,#REF!,No,10,NFS,250,NA,NA,Wishing on shooting stars,,NA,NA,0,Etc,None,None,NA,1.0.0,Yes,StarPiece,Starpiece,5983,Fy2vYDWHtktFPiRjz
stone,#REF!,#REF!,No,30,NFS,75,NA,NA,Hitting a rock; Fishing,X-Small shadow when fishing,NA,NA,0,Etc,None,None,NA,1.0.0,Yes,OreStone,DIYStone,2502,rQ38YPKd7g8fCBqRC
stone egg,#REF!,#REF!,No,30,NFS,200,NA,NA,Hitting a rock,,Bunny Day (days before); Bunny Day,Yes,0,Etc,None,None,1,1.1.0,Yes,EggRock,EggRock,12510,fHsLgaoNxhWY7BGqm
stone path permit,#REF!,NA,No,1,NFS,NA,2000,Nook Miles,Nook Miles Redemption,Found under the Special tab of the Nook Miles Redemption service.,NA,NA,0,Unnecessary,None,None,NA,1.0.0,Yes,Helmet,FtrGroundMakerStone,8773,oTy93idiub9zpcb3F
sugar,#REF!,#REF!,Yes,50,NFS,210,NA,NA,Cooking,,NA,NA,103,Etc,None,None,NA,2.0.0,Yes,FlourSugar,FlourSugar,13997,PM7n3XRpKhzPXkDhp
sugarcane,#REF!,#REF!,No,10,NFS,350,NA,NA,Picking sugarcane,,NA,NA,0,Plants,None,None,1,2.0.0,Yes,SugarCane,SugarCane,3034,KoKRtwn77pywTyqng
sugarcane start,#REF!,#REF!,No,10,280,70,NA,NA,Leif,,NA,NA,0,Plants,None,None,NA,2.0.0,Yes,SeedlingVegetable,SeedSugarCane,3035,PXWD7CswEAMtkDcKe
summer shell,#REF!,#REF!,No,10,NFS,600,NA,NA,Beach,,summer shells,Yes,0,Etc,None,None,NA,1.0.0,Yes,ShellSummer,ShellDriftSummer,5982,nrfNFuHkwuyx2h25n
tailors construction kit,#REF!,NA,No,1,NFS,NA,NA,NA,Tom Nook,,NA,NA,0,Unnecessary,None,None,NA,1.0.0,Yes,TentWhite,HousingKitTailor,4411,nzXpuGtjkdzS8i7aZ
tailors moving kit,#REF!,NA,No,1,NFS,NA,NA,NA,Tom Nook,,NA,NA,0,Unnecessary,None,None,NA,1.0.0,Yes,TentWhite,MovingKitTailor,5359,GaNHE6Zd7QJtFKMwW
tailors ticket,#REF!,#REF!,No,10,NFS,250,NA,NA,Label,,NA,NA,0,Etc,None,None,NA,1.0.0,Yes,TailorTicket,TailorTicket,5932,Rq3dAQH4oTDptcDMF
Taurus fragment,#REF!,#REF!,No,10,NFS,500,NA,NA,Wishing on shooting stars,,Taurus,Yes,0,Etc,None,None,NA,1.0.0,Yes,StarpieceTaurus,StarpieceTaurus,5989,3k9txwAoHfTjWgxtx
tent,#REF!,NA,No,1,NFS,NA,NA,NA,Tom Nook,,NA,NA,0,Unnecessary,None,None,NA,1.0.0,Yes,Tent,TutorialTent,2750,Lg4xPPH3PXiNpW268
terra-cotta tile permit,#REF!,NA,No,1,NFS,NA,2000,Nook Miles,Nook Miles Redemption,Found under the Special tab of the Nook Miles Redemption service.,NA,NA,0,Unnecessary,None,None,NA,1.0.0,Yes,Helmet,FtrGroundMakerTile,8778,RpeWT95qyhD22ePzw
Test Your DIY Skills,NA,#REF!,No,1,2680,NA,NA,NA,Nook's Cranny,,NA,NA,0,Unnecessary,None,None,NA,1.0.0,Yes,Book,DIYbook2,5604,Z98Fu4EyDgeSnqxzE
tomato,#REF!,#REF!,No,10,NFS,350,NA,NA,Picking tomatoes,,NA,NA,0,Plants,None,None,1,2.0.0,Yes,Tomato,Tomato,2570,4Ht6JuKRLQ9MajgsF
tomato start,#REF!,#REF!,No,10,280,70,NA,NA,Leif,,NA,NA,0,Plants,None,None,NA,2.0.0,Yes,SeedlingVegetable,SeedTomato,2649,TqZXQWtrX2A4yXc7w
Tool Ring: It's Essential!,#REF!,NA,No,1,NFS,NA,800,Nook Miles,Nook Miles Redemption,,NA,NA,0,Unnecessary,None,None,NA,1.0.0,Yes,HowtoBookExpansion,HowtoBookRingMenuUI,9616,AXc86J2LA2TEEgkTy
Top 4 Fab Hairstyles,#REF!,NA,No,1,NFS,NA,1200,Nook Miles,Nook Miles Redemption,,NA,NA,0,Unnecessary,None,None,NA,2.0.0,Yes,HowtoBookHair,HowtoBookHair_v200,14829,EkfcmkMkNAMsnS7x3
Top 6 Stylish Hairstyles,#REF!,NA,No,1,NFS,NA,1800,Nook Miles,Nook Miles Redemption,,NA,NA,0,Unnecessary,None,None,NA,1.6.0,Yes,HowtoBookHair,HowtoBookHairRock,13766,7bC3au49Axxr4p5L5
Top 8 Cool Hairstyles,#REF!,NA,No,1,NFS,NA,2400,Nook Miles,Nook Miles Redemption,,NA,NA,0,Unnecessary,None,None,NA,1.0.0,Yes,HowtoBookHair,HowtoBookHairCool,9050,qRimrPCob8DS8zuug
Top 8 Pop Hairstyles,#REF!,NA,No,1,NFS,NA,2400,Nook Miles,Nook Miles Redemption,,NA,NA,0,Unnecessary,None,None,NA,1.0.0,Yes,HowtoBookHair,HowtoBookHairPop,9049,2KfDyfk47DR6Gw8m9
Top 8 Stylish Hair Colors,#REF!,NA,No,1,NFS,NA,3000,Nook Miles,Nook Miles Redemption,,NA,NA,0,Unnecessary,None,None,NA,1.0.0,Yes,HowtoBookHair,HowtoBookHairColor,9051,JPwL4N6fr494vbJHb
transfer kit,#REF!,NA,No,1,NFS,NA,NA,NA,Tom Nook,,NA,NA,0,Unnecessary,None,None,NA,1.6.0,Yes,TentWhite,PlayerMovingHousingKit,13346,WGRQ4YBzp3QpDNFMm
treasure,#REF!,NA,No,1,NFS,NA,NA,NA,Dig Spot,Placed randomly on island for a villager's treasure hunt quest,NA,NA,0,Unnecessary,None,None,NA,1.0.0,Yes,Present2,TreasureCapsule,2545,KJjoYJDr5g786djiz
tree branch,#REF!,#REF!,No,30,NFS,5,NA,NA,Shaking a hardwood or cedar tree,,NA,NA,0,Etc,None,None,NA,1.0.0,Yes,DIYBranch,DIYBranch,2500,fDwbwWdq93bLwRRDr
Turkey Day Recipes,NA,#REF!,No,1,9800,NA,NA,NA,Franklin; Nook's Cranny,,Turkey Day; Turkey Day (days after),Yes,103,Unnecessary,None,None,NA,2.0.0,Yes,Book,CookingbookHarvest,14816,5xYYfFYyrEG9rS9Hx
turnips,#REF!,#REF!,No,1000,NFS,NA,NA,NA,Daisy Mae,Only available on Sundays; buy value ranges from 90-110 per turnip but can only be bought in stacks of 10 or more; sell value ranges from 9-660 depending on the current market price,NA,NA,0,Etc,None,None,10,1.0.0,Yes,Kabu,PhotoStudioKabu,7734,4hQrmzxXh6HRb8TDg
Ultimate Pocket Stuffing,#REF!,NA,No,1,NFS,NA,8000,Nook Miles,Nook Miles Redemption,,NA,NA,0,Unnecessary,None,None,NA,1.0.0,Yes,HowtoBookExpansion,HowtoBookPocketExpansion2,11140,jLHd4JDRQDRxBhE9o
used fountain firework,#REF!,#REF!,No,1,NFS,10,NA,NA,Use a fountain firework,,Fireworks Show (1); Fireworks Show (2); Fireworks Show (3); Fireworks Show (4); Fireworks Show (5),No,0,Etc,None,None,NA,1.4.0,Yes,Cinder,Cinder,13107,ZndPE58PZywGJxkSq
venus comb,#REF!,#REF!,No,10,NFS,300,NA,NA,Beach,,NA,NA,0,Etc,None,None,NA,1.0.0,Yes,Shell4,ShellDriftHone,1375,rMwbSnAnQ6SR6ov26
vine,#REF!,#REF!,No,30,NFS,50,NA,NA,Kapp'n islands,,NA,NA,0,FieldVine,None,None,NA,2.0.0,Yes,PltVine,PltVine,12551,aPdbpZA8QLSFAAywr
Virgo fragment,#REF!,#REF!,No,10,NFS,500,NA,NA,Wishing on shooting stars,,Virgo,Yes,0,Etc,None,None,NA,1.0.0,Yes,StarpieceVirgo,StarpieceVirgo,5993,6pD87cCAtspPu5xgi
Viva Festivale Reaction Set,#REF!,#REF!,No,1,19800,NA,NA,NA,Nook's Cranny,,Festivale (days before); Festivale,Yes,0,Unnecessary,None,None,NA,1.7.0,Yes,HowtoBookExpansion,HowtoBookReactionCarnival,14030,QHERh7S2v4M3vkM5N
wasp nest,#REF!,#REF!,No,10,NFS,300,NA,NA,Shaking a hardwood or cedar tree,,NA,NA,0,Etc,None,None,NA,1.0.0,Yes,Honeycomb,Honeycomb,3263,nzXtgoA5GkWLJnNuv
water egg,#REF!,#REF!,No,30,NFS,200,NA,NA,Fishing,,Bunny Day (days before); Bunny Day,Yes,0,Etc,None,None,1,1.1.0,Yes,EggFish,EggFish,12514,q8ER2p757DRZoqvhB
waterscaping permit,#REF!,NA,No,1,NFS,NA,6000,Nook Miles,Nook Miles Redemption,Found under the Special tab of the Nook Miles Redemption service.,NA,NA,0,Unnecessary,None,None,NA,1.0.0,Yes,ToolRiverMaker,FtrRiverMaker,8780,y27SvjCmimgePaN7y
What was this again?,#REF!,#REF!,No,1,NFS,0,NA,NA,Don't return lost item,,NA,NA,0,Unnecessary,None,None,NA,1.0.0,Yes,Porch,LostQuestBagDust,4642,tFfFLpFHcdbw3AEW3
What was this again?,#REF!,#REF!,No,1,NFS,0,NA,NA,Don't return lost item,,NA,NA,0,Unnecessary,None,None,NA,1.0.0,Yes,Book,LostQuestBookDust,4643,uh9ZQCxKj52Entfkv
What was this again?,#REF!,#REF!,No,1,NFS,0,NA,NA,Don't return lost item,,NA,NA,0,Unnecessary,None,None,NA,1.0.0,Yes,LostQuestMemo,LostQuestNoteDust,5427,ruc9ZFn2WnduaPXPz
What was this again?,#REF!,NA,No,1,NFS,0,NA,NA,Don't return treasure quest item,,NA,NA,0,Unnecessary,None,None,NA,1.0.0,Yes,Present2,TreasureCapsuleDust,2546,abcQC3Kh7T8KSyBRA
wheat,#REF!,#REF!,No,10,NFS,350,NA,NA,Picking wheat,,NA,NA,0,Plants,None,None,1,2.0.0,Yes,Wheat,Wheat,3029,YK3WpWZr9sthEALnN
wheat start,#REF!,#REF!,No,10,280,70,NA,NA,Leif,,NA,NA,0,Plants,None,None,NA,2.0.0,Yes,SeedlingVegetable,SeedWheat,3030,2Hn5xxndrhvLB2NFb
white cosmos,#REF!,#REF!,No,10,NFS,40,NA,NA,Picking flowers,,NA,NA,87,Plants,White,Green,NA,1.0.0,Yes,Cosmos0,FlwCosmosWhite,2305,3e4iLg8KTpbmx6XW4
white hyacinths,#REF!,#REF!,No,10,NFS,40,NA,NA,Picking flowers,,NA,NA,87,Plants,White,Green,NA,1.0.0,Yes,Hyacinth0,FlwHyacinthWhite,3730,JtxQ44iAMCEDowPzj
white lilies,#REF!,#REF!,No,10,NFS,40,NA,NA,Picking flowers,,NA,NA,87,Plants,White,Green,NA,1.0.0,Yes,Yuri0,FlwYuriWhite,2979,HxHDxpDqRQEjiEs5L
white mums,#REF!,#REF!,No,10,NFS,40,NA,NA,Picking flowers,,NA,NA,87,Plants,White,Green,NA,1.0.0,Yes,Mum0,FlwMumWhite,3754,nCnEJpwfWp5d3DBaF
white pansies,#REF!,#REF!,No,10,NFS,40,NA,NA,Picking flowers,,NA,NA,87,Plants,White,Green,NA,1.0.0,Yes,Pansi0,FlwPansyWhite,2907,zxfj87rooXrjMcppa
white pumpkin,#REF!,#REF!,No,10,NFS,350,NA,NA,Picking pumpkins,,Halloween (days before); Halloween,No,0,Plants,None,None,1,1.5.0,Yes,SquashWhite,SquashWhite,4528,Q27X2Qd2GL7YodxJY
white roses,#REF!,#REF!,No,10,NFS,40,NA,NA,Picking flowers,,NA,NA,87,Plants,White,Green,NA,1.0.0,Yes,Rose1,FlwRoseWhite,2931,2ASg5YXYQr5sqSvwG
white tulips,#REF!,#REF!,No,10,NFS,40,NA,NA,Picking flowers,,NA,NA,87,Plants,White,Green,NA,1.0.0,Yes,Turip1,FlwTulipWhite,2879,pzYHqKwsGDPBTsYmP
white windflowers,#REF!,#REF!,No,10,NFS,40,NA,NA,Picking flowers,,NA,NA,87,Plants,White,Green,NA,1.0.0,Yes,Anemone0,FlwAnemonesWhite,3709,QayiSgWWCqxzfAHwj
white wrapping paper,#REF!,#REF!,No,10,160,40,NA,NA,Nook's Cranny,,NA,NA,0,Etc,None,None,NA,1.0.0,Yes,WPaperWhite,WPaperWhite,7693,xFSvWhgZbhuCvSSpA
white-azalea bush,#REF!,NA,No,1,NFS,140,NA,NA,Digging up a fully grown bush,,azalea,No,0,Plants,None,None,NA,1.2.0,Yes,PltAzaleaWhite,PltAzaleaWhite2,2861,xmkj9sBpv8pQNGnGT
white-azalea start,#REF!,#REF!,No,10,280,70,NA,NA,Leif,,azalea,No,0,Plants,None,None,NA,1.2.0,Yes,SeedAzaleaWhite,SeedAzaleaWhite,2820,2xmbtR7bGZ9SkctzF
white-cosmos bag,#REF!,#REF!,No,10,240,60,NA,NA,Nook's Cranny; Leif,,NA,NA,0,Plants,None,None,NA,1.0.0,Yes,SeedPaperbag1,SeedCosmosWhite,2629,qkPkqfogiwMf9fKCS
white-cosmos plant,#REF!,NA,No,1,NFS,40,NA,NA,Seed bag,,NA,NA,0,Plants,None,None,NA,1.0.0,Yes,PltCosmos0,PltCosmosWhite3,3826,3iZJP9ouR47H43qMJ
white-hyacinth bag,#REF!,#REF!,No,10,240,60,NA,NA,Nook's Cranny; Leif,,NA,NA,0,Plants,None,None,NA,1.0.0,Yes,SeedPaperbag1,SeedHyacinthWhite,3731,iojgh78kpnPtzmjz5
white-hyacinth plant,#REF!,NA,No,1,NFS,40,NA,NA,Seed bag,,NA,NA,0,Plants,None,None,NA,1.0.0,Yes,PltHyacinth0,PltHyacinthWhite3,3910,uznvYGDDCpPJkYaEJ
white-lily bag,#REF!,#REF!,No,10,240,60,NA,NA,Nook's Cranny; Leif,,NA,NA,0,Plants,None,None,NA,1.0.0,Yes,SeedPaperbag1,SeedYuriWhite,2980,wD5MnM6bM2t88hMs5
white-lily plant,#REF!,NA,No,1,NFS,40,NA,NA,Seed bag,,NA,NA,0,Plants,None,None,NA,1.0.0,Yes,PltYuri0,PltYuriWhite3,3886,jwRXxgLr3hFQsAZB6
white-mum bag,#REF!,#REF!,No,10,240,60,NA,NA,Nook's Cranny; Leif,,NA,NA,0,Plants,None,None,NA,1.0.0,Yes,SeedPaperbag1,SeedMumWhite,3755,PZ8MqZFTibFpr8Lqi
white-mum plant,#REF!,NA,No,1,NFS,40,NA,NA,Seed bag,,NA,NA,0,Plants,None,None,NA,1.0.0,Yes,PltMum0,PltMumWhite3,3924,hYqfsENa2bSHGznkC
white-pansy bag,#REF!,#REF!,No,10,240,60,NA,NA,Nook's Cranny; Leif,,NA,NA,0,Plants,None,None,NA,1.0.0,Yes,SeedPaperbag1,SeedPansyWhite,2908,RsndrSoamwXzNjD9y
white-pansy plant,#REF!,NA,No,1,NFS,40,NA,NA,Seed bag,,NA,NA,0,Plants,None,None,NA,1.0.0,Yes,PltPansi0,PltPansyWhite3,3850,XmpB3NuR9RS9PXmCM
white-plumeria bush,#REF!,NA,No,1,NFS,140,NA,NA,Digging up a fully grown bush,,plumeria,No,0,Plants,None,None,NA,2.0.0,Yes,PltBushPlumeriaWhite,PltBushPlumeriaWhite2,13350,i4ff2SsFg5y97fnAT
white-plumeria start,#REF!,#REF!,No,10,280,70,NA,NA,Leif,,plumeria,No,0,Plants,None,None,NA,2.0.0,Yes,SeedBushPlumeriaWhite,SeedBushPlumeriaWhite,13348,4ZCsZkJsK88e7ocN6
white-rose bag,#REF!,#REF!,No,10,240,60,NA,NA,Nook's Cranny; Leif,,NA,NA,0,Plants,None,None,NA,1.0.0,Yes,SeedPaperbag1,SeedRoseWhite,2932,FxA5MDvGKZc44uenJ
white-rose plant,#REF!,NA,No,1,NFS,40,NA,NA,Seed bag,,NA,NA,0,Plants,None,None,NA,1.0.0,Yes,PltRose1,PltRoseWhite3,3862,vJFgRAkAYT32pscBc
white-tulip bag,#REF!,#REF!,No,10,240,60,NA,NA,Nook's Cranny; Leif,,NA,NA,0,Plants,None,None,NA,1.0.0,Yes,SeedPaperbag1,SeedTulipWhite,2880,9JqXDYEJa9M3fGjkX
white-tulip plant,#REF!,NA,No,1,NFS,40,NA,NA,Seed bag,,NA,NA,0,Plants,None,None,NA,1.0.0,Yes,PltTurip1,PltTulipWhite3,3836,EPcGhsMb6jQKpbBnC
white-windflower bag,#REF!,#REF!,No,10,240,60,NA,NA,Nook's Cranny; Leif,,NA,NA,0,Plants,None,None,NA,1.0.0,Yes,SeedPaperbag1,SeedAnemonesWhite,3710,2XmGTkrRQqQbjfEoi
white-windflower plant,#REF!,NA,No,1,NFS,40,NA,NA,Seed bag,,NA,NA,0,Plants,None,None,NA,1.0.0,Yes,PltAnemone0,PltAnemonesWhite3,3898,5RMyLD5TYyRTzfLdq
whole-wheat flour,#REF!,#REF!,Yes,50,NFS,210,NA,NA,Cooking,,NA,NA,103,Etc,None,None,NA,2.0.0,Yes,FlourWheatwhole,FlourWheatwhole,13996,HpSZ2zub2kXW92QDX
Wildest Dreams DIY,NA,#REF!,No,1,6980,NA,NA,NA,Nook's Cranny,,NA,NA,0,Unnecessary,None,None,NA,1.0.0,Yes,Book,DIYbook3,5605,7DL3HBGPEfgi6XZfX
Wisp spirit piece,#REF!,NA,No,5,NFS,NA,NA,NA,Catching with a net,Only available while on a quest for Wisp,NA,NA,0,Unnecessary,None,None,NA,1.0.0,Yes,YutaroWisp,YutaroWisp,4702,yhGWoYrexRQRmWkvP
wood,#REF!,#REF!,No,30,NFS,60,NA,NA,Chopping a tree,,NA,NA,0,Etc,None,None,NA,1.0.0,Yes,DIYWoodNormal,DIYWoodNormal,2768,NYkn4SWpdNtkSjGMz
wood egg,#REF!,#REF!,No,30,NFS,200,NA,NA,Chopping a tree,,Bunny Day (days before); Bunny Day,Yes,0,Etc,None,None,1,1.1.0,Yes,EggForest,EggForest,12512,8adCtThYkk3SrfhhS
wooden path permit,#REF!,NA,No,1,NFS,NA,2000,Nook Miles,Nook Miles Redemption,Found under the Special tab of the Nook Miles Redemption service.,NA,NA,0,Unnecessary,None,None,NA,1.0.0,Yes,Helmet,FtrGroundMakerWood,8779,2ASyNJsmZJNm774y5
yellow cosmos,#REF!,#REF!,No,10,NFS,40,NA,NA,Picking flowers,,NA,NA,87,Plants,Yellow,Green,NA,1.0.0,Yes,Cosmos2,FlwCosmosYellow,2863,zjAYhjmqMzq3kDBdb
yellow hyacinths,#REF!,#REF!,No,10,NFS,40,NA,NA,Picking flowers,,NA,NA,87,Plants,Yellow,Green,NA,1.0.0,Yes,Hyacinth1,FlwHyacinthYellow,3734,4KF7eJpRzonQ585ut
yellow lilies,#REF!,#REF!,No,10,NFS,40,NA,NA,Picking flowers,,NA,NA,87,Plants,Yellow,Green,NA,1.0.0,Yes,Yuri1,FlwYuriYellow,2987,CYNwo9htHodqc52MC
yellow mums,#REF!,#REF!,No,10,NFS,40,NA,NA,Picking flowers,,NA,NA,87,Plants,Yellow,Green,NA,1.0.0,Yes,Mum1,FlwMumYellow,3758,5RAPmcCnKxJuTxsD5
yellow pansies,#REF!,#REF!,No,10,NFS,40,NA,NA,Picking flowers,,NA,NA,87,Plants,Yellow,Green,NA,1.0.0,Yes,Pansi1,FlwPansyYellow,2915,s5oZ3HMatfcyLFmb7
yellow pumpkin,#REF!,#REF!,No,10,NFS,350,NA,NA,Picking pumpkins,,Halloween (days before); Halloween,No,0,Plants,None,None,1,1.5.0,Yes,SquashYellow,SquashYellow,4526,EDFNBHxSN2G2bT6w7
yellow roses,#REF!,#REF!,No,10,NFS,40,NA,NA,Picking flowers,,NA,NA,87,Plants,Yellow,Green,NA,1.0.0,Yes,Rose2,FlwRoseYellow,2939,sfweQbaT8mzKykjhk
yellow tulips,#REF!,#REF!,No,10,NFS,40,NA,NA,Picking flowers,,NA,NA,87,Plants,Yellow,Green,NA,1.0.0,Yes,Turip2,FlwTulipYellow,2887,PdZJXzmx5y6JSLrRD
yellow wrapping paper,#REF!,#REF!,No,10,160,40,NA,NA,Nook's Cranny,,NA,NA,0,Etc,None,None,NA,1.0.0,Yes,WPaperYellow,WPaperYellow,7683,DP6esJYrS7WodmWe2
yellow-cosmos bag,#REF!,#REF!,No,10,240,60,NA,NA,Nook's Cranny; Leif,,NA,NA,0,Plants,None,None,NA,1.0.0,Yes,SeedPaperbag2,SeedCosmosYellow,2864,uP5p9469CWwJMRTpW
yellow-cosmos plant,#REF!,NA,No,1,NFS,40,NA,NA,Seed bag,,NA,NA,0,Plants,None,None,NA,1.0.0,Yes,PltCosmos2,PltCosmosYellow3,3828,Bh4zXHCea4eaSgmz9
yellow-hibiscus bush,#REF!,NA,No,1,NFS,140,NA,NA,Digging up a fully grown bush,,hibiscus,No,0,Plants,None,None,NA,1.2.0,Yes,PltHibiscusYellow,PltHibiscusYellow2,3792,Kb6qYCTJwjNX46xok
yellow-hibiscus start,#REF!,#REF!,No,10,280,70,NA,NA,Leif,,hibiscus,No,0,Plants,None,None,NA,1.2.0,Yes,SeedHibiscusYellow,SeedHibiscusYellow,3790,ZuDtvHRzubPByTeRG
yellow-hyacinth bag,#REF!,#REF!,No,10,240,60,NA,NA,Nook's Cranny; Leif,,NA,NA,0,Plants,None,None,NA,1.0.0,Yes,SeedPaperbag2,SeedHyacinthYellow,3735,5yZ7783u3awJuzvtj
yellow-hyacinth plant,#REF!,NA,No,1,NFS,40,NA,NA,Seed bag,,NA,NA,0,Plants,None,None,NA,1.0.0,Yes,PltHyacinth1,PltHyacinthYellow3,3912,TZCvMPvktNmFAFKvP
yellow-lily bag,#REF!,#REF!,No,10,240,60,NA,NA,Nook's Cranny; Leif,,NA,NA,0,Plants,None,None,NA,1.0.0,Yes,SeedPaperbag2,SeedYuriYellow,2988,gQ8rvpd52GD6oPZEB
yellow-lily plant,#REF!,NA,No,1,NFS,40,NA,NA,Seed bag,,NA,NA,0,Plants,None,None,NA,1.0.0,Yes,PltYuri1,PltYuriYellow3,3890,JmyYGEqKsuXG7YJmx
yellow-mum bag,#REF!,#REF!,No,10,240,60,NA,NA,Nook's Cranny; Leif,,NA,NA,0,Plants,None,None,NA,1.0.0,Yes,SeedPaperbag2,SeedMumYellow,3759,PcvPGssP7xWcncSu8
yellow-mum plant,#REF!,NA,No,1,NFS,40,NA,NA,Seed bag,,NA,NA,0,Plants,None,None,NA,1.0.0,Yes,PltMum1,PltMumYellow3,3926,R7rBdJkoAh4Ss5fc7
yellow-pansy bag,#REF!,#REF!,No,10,240,60,NA,NA,Nook's Cranny; Leif,,NA,NA,0,Plants,None,None,NA,1.0.0,Yes,SeedPaperbag2,SeedPansyYellow,2916,65A93Q3TDrr2TXe7r
yellow-pansy plant,#REF!,NA,No,1,NFS,40,NA,NA,Seed bag,,NA,NA,0,Plants,None,None,NA,1.0.0,Yes,PltPansi1,PltPansyYellow3,3854,4DaoN5DPRbz3LuGPH
yellow-rose bag,#REF!,#REF!,No,10,240,60,NA,NA,Nook's Cranny; Leif,,NA,NA,0,Plants,None,None,NA,1.0.0,Yes,SeedPaperbag2,SeedRoseYellow,2940,BE6hakXFRTg2qdcPT
yellow-rose plant,#REF!,NA,No,1,NFS,40,NA,NA,Seed bag,,NA,NA,0,Plants,None,None,NA,1.0.0,Yes,PltRose2,PltRoseYellow3,3866,zukyGsru7LprL3Nn3
yellow-tea-olive bush,#REF!,NA,No,1,NFS,140,NA,NA,Digging up a fully grown bush,,tea olive,No,0,Plants,None,None,NA,1.2.0,Yes,PltBushOsmathusYellow,PltBushOsmathusYellow2,12478,79ausqrAiPDZqBB7Q
yellow-tea-olive start,#REF!,#REF!,No,10,280,70,NA,NA,Leif,,tea olive,No,0,Plants,None,None,NA,1.2.0,Yes,SeedBushOsmathusYellow,SeedBushOsmathusYellow,12476,u9zmBcFHEqkM47dmk
yellow-tulip bag,#REF!,#REF!,No,10,240,60,NA,NA,Nook's Cranny; Leif,,NA,NA,0,Plants,None,None,NA,1.0.0,Yes,SeedPaperbag2,SeedTulipYellow,2888,dK3ZtSLJjdTpT5fxq
yellow-tulip plant,#REF!,NA,No,1,NFS,40,NA,NA,Seed bag,,NA,NA,0,Plants,None,None,NA,1.0.0,Yes,PltTurip2,PltTulipYellow3,3840,YuRZQh2wgkDnLLK55
young spring bamboo,#REF!,#REF!,No,30,NFS,200,NA,NA,Chopping a bamboo tree,,young spring bamboo,Yes,0,Etc,None,None,NA,1.0.0,Yes,DIYBambooSpring,DIYBambooSpring,5729,rMwLLdMSqxg3w5gLx