Name,Closet Image,Storage Image,Variation,DIY,Buy,Sell,HHA Base Points,Color 1,Color 2,Size,Exchange Price,Exchange Currency,Source,Source Notes,Season/Event,Season/Event Exclusive,Seasonal Availability,Seasonality,Mannequin Season,Gender,Style 1,Style 2,Label Themes,Sort Order,Villager Equippable,Catalog,Version Added,Unlocked?,Filename,ClothGroup ID,Internal ID,Unique Entry ID
aerobics leggings,,,Red & pink,No,700,175,23,Pink,Red,1x1,NA,NA,Kicks; Kicks' Co-op,,NA,NA,All Year,All Year,NA,Free,Active,Active,sporty,1,No,For sale,1.0.0,Yes,SocksTexAerobics0,621,5197,Smui8G3P6D8WgqK9G
aerobics leggings,,,Light blue & salmon pink,No,700,175,23,Pink,Aqua,1x1,NA,NA,Kicks; Kicks' Co-op,,NA,NA,All Year,All Year,NA,Free,Active,Active,sporty,2,No,For sale,1.0.0,Yes,SocksTexAerobics3,621,9796,nYBBFZjyvYjTSN4fD
aerobics leggings,,,Purple & orange,No,700,175,23,Orange,Purple,1x1,NA,NA,Kicks; Kicks' Co-op,,NA,NA,All Year,All Year,NA,Free,Active,Active,sporty,3,No,For sale,1.0.0,Yes,SocksTexAerobics2,621,9795,jWvfpeefbhQpHQFoM
aerobics leggings,,,Emerald & lime,No,700,175,23,Green,Aqua,1x1,NA,NA,Kicks; Kicks' Co-op,,NA,NA,All Year,All Year,NA,Free,Active,Active,sporty,4,No,For sale,1.0.0,Yes,SocksTexAerobics1,621,9794,eZKx89GvGsXcSDiMk
aerobics leggings,,,Yellow & blue,No,700,175,23,Blue,Yellow,1x1,NA,NA,Kicks; Kicks' Co-op,,NA,NA,All Year,All Year,NA,Free,Active,Active,sporty,5,No,For sale,1.0.0,Yes,SocksTexAerobics4,621,9797,gYqiyt5aP9KjqNnXQ
Aran-knit socks,,,White,No,720,180,51,White,White,1x1,NA,NA,Able Sisters,Available from either Mabel's temporary shop or Able Sisters shop,Winter (shopping),No,Winter,Winter,NA,Free,Simple,Elegant,everyday; comfy,1,No,For sale,1.0.0,Yes,SocksTexAlan1,536,9058,XX9wX5KzyENyLGa5e
Aran-knit socks,,,Black,No,720,180,51,Black,Black,1x1,NA,NA,Able Sisters,Available from either Mabel's temporary shop or Able Sisters shop,Winter (shopping),No,Winter,Winter,NA,Free,Simple,Elegant,everyday; comfy,2,No,For sale,1.0.0,Yes,SocksTexAlan5,536,9062,pLZq39rKg8rn454r4
Aran-knit socks,,,Red,No,720,180,51,Red,Red,1x1,NA,NA,Able Sisters,Available from either Mabel's temporary shop or Able Sisters shop,Winter (shopping),No,Winter,Winter,NA,Free,Simple,Elegant,everyday; comfy,3,No,For sale,1.0.0,Yes,SocksTexAlan2,536,9059,7xkmotJQfLFN6Rohx
Aran-knit socks,,,Green,No,720,180,51,Green,Green,1x1,NA,NA,Able Sisters,Available from either Mabel's temporary shop or Able Sisters shop,Winter (shopping),No,Winter,Winter,NA,Free,Simple,Elegant,everyday; comfy,4,No,For sale,1.0.0,Yes,SocksTexAlan3,536,9060,NH6u8astq42zMebAa
Aran-knit socks,,,Blue,No,720,180,51,Blue,Blue,1x1,NA,NA,Able Sisters,Available from either Mabel's temporary shop or Able Sisters shop,Winter (shopping),No,Winter,Winter,NA,Free,Simple,Elegant,everyday; comfy,5,No,For sale,1.0.0,Yes,SocksTexAlan4,536,9061,Gardfqrryv6SLZSQB
Aran-knit socks,,,Beige,No,720,180,51,Beige,Beige,1x1,NA,NA,Able Sisters,Available from either Mabel's temporary shop or Able Sisters shop,Winter (shopping),No,Winter,Winter,NA,Free,Simple,Elegant,everyday; comfy,6,No,For sale,1.0.0,Yes,SocksTexAlan0,536,4742,stTCJiLMdhmZ2ztyw
argyle crew socks,,,White,No,720,180,51,White,Red,1x1,NA,NA,Able Sisters,Available from Able Sisters shop only,NA,NA,All Year,Autumn,NA,Free,Elegant,Simple,everyday; formal; work,1,No,For sale,1.0.0,Yes,SocksTexArgyle5,880,9925,dT8t2ZMFSfktJkoDd
argyle crew socks,,,Gray,No,720,180,51,Gray,Pink,1x1,NA,NA,Able Sisters,Available from Able Sisters shop only,NA,NA,All Year,Autumn,NA,Free,Elegant,Simple,everyday; formal; work,2,No,For sale,1.0.0,Yes,SocksTexArgyle4,880,9924,2LSJz8d2eCLmuyiMg
argyle crew socks,,,Red,No,720,180,51,Red,White,1x1,NA,NA,Able Sisters,Available from Able Sisters shop only,NA,NA,All Year,Autumn,NA,Free,Elegant,Simple,everyday; formal; work,3,No,For sale,1.0.0,Yes,SocksTexArgyle1,880,9921,9MeYsgc2wAGCmj4mC
argyle crew socks,,,Pink,No,720,180,51,Pink,White,1x1,NA,NA,Able Sisters,Available from Able Sisters shop only,NA,NA,All Year,Autumn,NA,Free,Elegant,Simple,everyday; formal; work,4,No,For sale,1.0.0,Yes,SocksTexArgyle7,880,9927,9Gibgt5gRyngn6EuR
argyle crew socks,,,Orange,No,720,180,51,Orange,White,1x1,NA,NA,Able Sisters,Available from Able Sisters shop only,NA,NA,All Year,Autumn,NA,Free,Elegant,Simple,everyday; formal; work,5,No,For sale,1.0.0,Yes,SocksTexArgyle6,880,9926,CyRT5FdBTnic9cYrF
argyle crew socks,,,Green,No,720,180,51,Green,Yellow,1x1,NA,NA,Able Sisters,Available from Able Sisters shop only,NA,NA,All Year,Autumn,NA,Free,Elegant,Simple,everyday; formal; work,6,No,For sale,1.0.0,Yes,SocksTexArgyle2,880,9922,dm4YEXfYftcwG3NB8
argyle crew socks,,,Blue,No,720,180,51,Blue,Aqua,1x1,NA,NA,Able Sisters,Available from Able Sisters shop only,NA,NA,All Year,Autumn,NA,Free,Elegant,Simple,everyday; formal; work,7,No,For sale,1.0.0,Yes,SocksTexArgyle0,880,5806,QyJBC6G3E7dzXidaW
argyle crew socks,,,Beige,No,720,180,51,Beige,Brown,1x1,NA,NA,Able Sisters,Available from Able Sisters shop only,NA,NA,All Year,Autumn,NA,Free,Elegant,Simple,everyday; formal; work,8,No,For sale,1.0.0,Yes,SocksTexArgyle3,880,9923,KrrN2AHTcePZaMyMo
back-bow socks,,,White,No,600,150,23,White,Pink,1x1,NA,NA,Kicks; Kicks' Co-op,,Spring (shopping),Yes,Spring,Spring,NA,Free,Cute,Cute,everyday; fairy tale; party; vacation,1,No,For sale,1.0.0,Yes,SocksTexRibbon3,519,9055,NXYXEomdp3yqkafZ7
back-bow socks,,,Black,No,600,150,23,Black,White,1x1,NA,NA,Kicks; Kicks' Co-op,,Spring (shopping),Yes,Spring,Spring,NA,Free,Cute,Cute,everyday; fairy tale; party; vacation,2,No,For sale,1.0.0,Yes,SocksTexRibbon2,519,9054,NbaHgge5Zf54Y6dQT
back-bow socks,,,Pink,No,600,150,23,Pink,Black,1x1,NA,NA,Kicks; Kicks' Co-op,,Spring (shopping),Yes,Spring,Spring,NA,Free,Cute,Cute,everyday; fairy tale; party; vacation,3,No,For sale,1.0.0,Yes,SocksTexRibbon0,519,4718,SerX2gLYQTKxmFi7W
back-bow socks,,,Yellow,No,600,150,23,Yellow,Green,1x1,NA,NA,Kicks; Kicks' Co-op,,Spring (shopping),Yes,Spring,Spring,NA,Free,Cute,Cute,everyday; fairy tale; party; vacation,4,No,For sale,1.0.0,Yes,SocksTexRibbon1,519,9053,KE3idPQwqM2kvbNFw
back-bow socks,,,Peacock blue,No,600,150,23,Green,Pink,1x1,NA,NA,Kicks; Kicks' Co-op,,Spring (shopping),Yes,Spring,Spring,NA,Free,Cute,Cute,everyday; fairy tale; party; vacation,5,No,For sale,1.0.0,Yes,SocksTexRibbon5,519,9057,ju47pefTtHj739pAr
back-bow socks,,,Blue,No,600,150,23,Aqua,Yellow,1x1,NA,NA,Kicks; Kicks' Co-op,,Spring (shopping),Yes,Spring,Spring,NA,Free,Cute,Cute,everyday; fairy tale; party; vacation,6,No,For sale,1.0.0,Yes,SocksTexRibbon4,519,9056,ZuzCi6zDF9G9Swfci
bobby socks,,,White,No,480,120,51,White,White,1x1,NA,NA,Able Sisters,Available from either Mabel's temporary shop or Able Sisters shop,NA,NA,All Year,Spring,All Year,Free,Elegant,Simple,formal; work,1,No,For sale,1.0.0,Yes,SocksTexFolded0,604,5171,aL52HPePkC84gPQup
bobby socks,,,Gray,No,480,120,51,Gray,Gray,1x1,NA,NA,Able Sisters,Available from either Mabel's temporary shop or Able Sisters shop,NA,NA,All Year,Spring,NA,Free,Elegant,Simple,formal; work,2,No,For sale,1.0.0,Yes,SocksTexFolded1,604,10017,a9aLEHyXSdpHqYLm8
bobby socks,,,Black,No,480,120,51,Black,Black,1x1,NA,NA,Able Sisters,Available from either Mabel's temporary shop or Able Sisters shop,NA,NA,All Year,Spring,NA,Free,Elegant,Simple,formal; work,3,No,For sale,1.0.0,Yes,SocksTexFolded2,604,10018,iby3kB32wD5rkxYod
bobby socks,,,Brown,No,480,120,51,Brown,Brown,1x1,NA,NA,Able Sisters,Available from either Mabel's temporary shop or Able Sisters shop,NA,NA,All Year,Spring,NA,Free,Elegant,Simple,formal; work,4,No,For sale,1.0.0,Yes,SocksTexFolded3,604,10019,ZH9uTJSirjyNrH3Qw
color-blocked socks,,,White,No,840,210,23,White,Colorful,1x1,NA,NA,Kicks; Kicks' Co-op,,NA,NA,All Year,All Year,NA,Free,Cute,Elegant,everyday,1,No,For sale,1.0.0,Yes,SocksTexMultiblock5,612,9899,bxt6nkbfnX6KEKifX
color-blocked socks,,,Pink,No,840,210,23,Pink,Colorful,1x1,NA,NA,Kicks; Kicks' Co-op,,NA,NA,All Year,All Year,NA,Free,Cute,Elegant,everyday,2,No,For sale,1.0.0,Yes,SocksTexMultiblock7,612,9901,3Y9LcSKLMJbT5YJfH
color-blocked socks,,,Lime,No,840,210,23,Green,Colorful,1x1,NA,NA,Kicks; Kicks' Co-op,,NA,NA,All Year,All Year,NA,Free,Cute,Elegant,everyday,3,No,For sale,1.0.0,Yes,SocksTexMultiblock6,612,9900,jDEgNFRCGWgFw5hNq
color-blocked socks,,,Green,No,840,210,23,Green,Colorful,1x1,NA,NA,Kicks; Kicks' Co-op,,NA,NA,All Year,All Year,NA,Free,Cute,Elegant,everyday,4,No,For sale,1.0.0,Yes,SocksTexMultiblock1,612,9895,gSZ3co7FeNLM2DqmZ
color-blocked socks,,,Blue,No,840,210,23,Blue,Colorful,1x1,NA,NA,Kicks; Kicks' Co-op,,NA,NA,All Year,All Year,NA,Free,Cute,Elegant,everyday,5,No,For sale,1.0.0,Yes,SocksTexMultiblock3,612,9897,EKGnqpYcYK5KDre8R
color-blocked socks,,,Purple,No,840,210,23,Purple,Colorful,1x1,NA,NA,Kicks; Kicks' Co-op,,NA,NA,All Year,All Year,NA,Free,Cute,Elegant,everyday,6,No,For sale,1.0.0,Yes,SocksTexMultiblock0,612,5180,5nRBXNdkdjyAjs5RQ
color-blocked socks,,,Brown,No,840,210,23,Brown,Colorful,1x1,NA,NA,Kicks; Kicks' Co-op,,NA,NA,All Year,All Year,NA,Free,Cute,Elegant,everyday,7,No,For sale,1.0.0,Yes,SocksTexMultiblock2,612,9896,tTwmQJF35W2CdDRNL
color-blocked socks,,,Beige,No,840,210,23,Beige,Colorful,1x1,NA,NA,Kicks; Kicks' Co-op,,NA,NA,All Year,All Year,NA,Free,Cute,Elegant,everyday,8,No,For sale,1.0.0,Yes,SocksTexMultiblock4,612,9898,tkbYFgGoKnqAJZ49K
compression tights,,,Red,No,600,150,23,Black,Red,1x1,NA,NA,Kicks; Kicks' Co-op,,NA,NA,All Year,All Year,NA,Free,Active,Active,outdoorsy; sporty; work,1,No,For sale,1.0.0,Yes,SocksTexCompression4,603,9793,qrFTn5ab3j4nHqzwd
compression tights,,,Pink,No,600,150,23,Black,Pink,1x1,NA,NA,Kicks; Kicks' Co-op,,NA,NA,All Year,All Year,NA,Free,Active,Active,outdoorsy; sporty; work,2,No,For sale,1.0.0,Yes,SocksTexCompression2,603,9791,SsdRjyHarAqc72Kmv
compression tights,,,Yellow,No,600,150,23,Black,Yellow,1x1,NA,NA,Kicks; Kicks' Co-op,,NA,NA,All Year,All Year,NA,Free,Active,Active,outdoorsy; sporty; work,3,No,For sale,1.0.0,Yes,SocksTexCompression1,603,9790,otHYAzdH3cf86yKEo
compression tights,,,Mint,No,600,150,23,Black,Green,1x1,NA,NA,Kicks; Kicks' Co-op,,NA,NA,All Year,All Year,NA,Free,Active,Active,outdoorsy; sporty; work,4,No,For sale,1.0.0,Yes,SocksTexCompression3,603,9792,j6AcTLGBGdk9xgThP
compression tights,,,Blue,No,600,150,23,Black,Blue,1x1,NA,NA,Kicks; Kicks' Co-op,,NA,NA,All Year,All Year,NA,Free,Active,Active,outdoorsy; sporty; work,5,No,For sale,1.0.0,Yes,SocksTexCompression0,603,5170,Fc8uttzc2hwQM7RKw
country socks,,,Black ribbons,No,720,180,51,White,Black,1x1,NA,NA,Able Sisters,Available from Able Sisters shop only,NA,NA,All Year,All Year,NA,Free,Elegant,Simple,formal; work,1,No,For sale,1.0.0,Yes,SocksTexCountry3,926,8944,ptJF3tBrJxAYRLT5T
country socks,,,Red ribbons,No,720,180,51,White,Red,1x1,NA,NA,Able Sisters,Available from Able Sisters shop only,NA,NA,All Year,All Year,NA,Free,Elegant,Simple,formal; work,2,No,For sale,1.0.0,Yes,SocksTexCountry0,926,6044,wgBZqqpZomaTLZhcz
country socks,,,Green ribbons,No,720,180,51,White,Green,1x1,NA,NA,Able Sisters,Available from Able Sisters shop only,NA,NA,All Year,All Year,NA,Free,Elegant,Simple,formal; work,3,No,For sale,1.0.0,Yes,SocksTexCountry1,926,8942,RWpifRdqLmYQL5dGf
country socks,,,Blue ribbons,No,720,180,51,White,Blue,1x1,NA,NA,Able Sisters,Available from Able Sisters shop only,NA,NA,All Year,All Year,NA,Free,Elegant,Simple,formal; work,4,No,For sale,1.0.0,Yes,SocksTexCountry2,926,8943,mDTdqvPWaESchMEGe
crocheted socks,,,Gray,No,600,150,51,Gray,Gray,1x1,NA,NA,Able Sisters,Available from either Mabel's temporary shop or Able Sisters shop,NA,NA,All Year,Autumn,NA,Free,Elegant,Simple,everyday; comfy,1,No,For sale,1.0.0,Yes,SocksTexCrocheting1,626,8939,mopfLb9yhXEj9qXS2
crocheted socks,,,Purple,No,600,150,51,Pink,Pink,1x1,NA,NA,Able Sisters,Available from either Mabel's temporary shop or Able Sisters shop,NA,NA,All Year,Autumn,NA,Free,Elegant,Simple,everyday; comfy,2,No,For sale,1.0.0,Yes,SocksTexCrocheting2,626,8940,PT7ZGkfTfkvtkBmJx
crocheted socks,,,Blue,No,600,150,51,Aqua,Aqua,1x1,NA,NA,Able Sisters,Available from either Mabel's temporary shop or Able Sisters shop,NA,NA,All Year,Autumn,NA,Free,Elegant,Simple,everyday; comfy,3,No,For sale,1.0.0,Yes,SocksTexCrocheting3,626,8941,k8aPtaZcFrRZwZvD6
crocheted socks,,,Beige,No,600,150,51,Beige,Beige,1x1,NA,NA,Able Sisters,Available from either Mabel's temporary shop or Able Sisters shop,NA,NA,All Year,Autumn,NA,Free,Elegant,Simple,everyday; comfy,4,No,For sale,1.0.0,Yes,SocksTexCrocheting0,626,5202,phkn7YMAHEZZFyC3L
denim leggings,,,Indigo blue,No,540,135,51,Blue,Blue,1x1,NA,NA,Able Sisters,Available from either Mabel's temporary shop or Able Sisters shop,NA,NA,All Year,All Year,All Year,Free,Simple,Simple,everyday; outdoorsy; sporty,1,No,For sale,1.0.0,Yes,SocksTexDenimleggings1,539,9782,zX9ge6E48pkgAtvJG
denim leggings,,,Light blue,No,540,135,51,Aqua,Aqua,1x1,NA,NA,Able Sisters,Available from either Mabel's temporary shop or Able Sisters shop,NA,NA,All Year,All Year,NA,Free,Simple,Simple,everyday; outdoorsy; sporty,2,No,For sale,1.0.0,Yes,SocksTexDenimleggings3,539,9784,kJjSEP42iYeHw2XTP
denim leggings,,,Saxon blue,No,540,135,51,Aqua,Aqua,1x1,NA,NA,Able Sisters,Available from either Mabel's temporary shop or Able Sisters shop,NA,NA,All Year,All Year,NA,Free,Simple,Simple,everyday; outdoorsy; sporty,3,No,For sale,1.0.0,Yes,SocksTexDenimleggings2,539,9783,z4ygu9Huw9NGZBeYZ
denim leggings,,,Blue,No,540,135,51,Blue,Blue,1x1,NA,NA,Able Sisters,Available from either Mabel's temporary shop or Able Sisters shop,NA,NA,All Year,All Year,NA,Free,Simple,Simple,everyday; outdoorsy; sporty,4,No,For sale,1.0.0,Yes,SocksTexDenimleggings0,539,4745,3FSnfcpAYm5Fjbctc
dotted knee-high socks,,,Gray,No,720,180,51,Gray,Gray,1x1,NA,NA,Able Sisters,Available from Able Sisters shop only,NA,NA,All Year,All Year,Winter,Free,Cute,Simple,everyday,1,No,For sale,1.0.0,Yes,SocksTexDotknee3,1188,12181,wJw3R2v2MKdSepbvE
dotted knee-high socks,,,Black,No,720,180,51,Black,Black,1x1,NA,NA,Able Sisters,Available from Able Sisters shop only,NA,NA,All Year,All Year,Winter,Free,Cute,Simple,everyday,2,No,For sale,1.0.0,Yes,SocksTexDotknee0,1188,12174,NvX65fPWJDEAJdBh8
dotted knee-high socks,,,Yellow,No,720,180,51,Yellow,Yellow,1x1,NA,NA,Able Sisters,Available from Able Sisters shop only,NA,NA,All Year,All Year,NA,Free,Cute,Simple,everyday,3,No,For sale,1.0.0,Yes,SocksTexDotknee1,1188,12179,2yn8c76aCod8W6H9t
dotted knee-high socks,,,Cyan,No,720,180,51,Green,Green,1x1,NA,NA,Able Sisters,Available from Able Sisters shop only,NA,NA,All Year,All Year,NA,Free,Cute,Simple,everyday,4,No,For sale,1.0.0,Yes,SocksTexDotknee2,1188,12180,Kvp83zH2Qcp6XeJro
embroidered-flower tights,,,Black,No,1000,250,51,Black,White,1x1,NA,NA,Able Sisters,Available from Able Sisters shop only,NA,NA,All Year,Spring,NA,Free,Cute,Elegant,everyday; fairy tale; party,1,No,For sale,1.0.0,Yes,SocksTexEmbroidery1,628,9907,SiWtz8aTYoK75JfRz
embroidered-flower tights,,,Green,No,1000,250,51,Green,Yellow,1x1,NA,NA,Able Sisters,Available from Able Sisters shop only,NA,NA,All Year,Spring,NA,Free,Cute,Elegant,everyday; fairy tale; party,2,No,For sale,1.0.0,Yes,SocksTexEmbroidery2,628,9908,jPQA8CohQNBhSwsiq
embroidered-flower tights,,,Blue,No,1000,250,51,Blue,Orange,1x1,NA,NA,Able Sisters,Available from Able Sisters shop only,NA,NA,All Year,Spring,NA,Free,Cute,Elegant,everyday; fairy tale; party,3,No,For sale,1.0.0,Yes,SocksTexEmbroidery4,628,9910,fmZu6dNagF4XW6rvd
embroidered-flower tights,,,Purple,No,1000,250,51,Purple,Pink,1x1,NA,NA,Able Sisters,Available from Able Sisters shop only,NA,NA,All Year,Spring,NA,Free,Cute,Elegant,everyday; fairy tale; party,4,No,For sale,1.0.0,Yes,SocksTexEmbroidery5,628,9911,iivtbk5pG2i2asvBC
embroidered-flower tights,,,Brown,No,1000,250,51,Brown,Red,1x1,NA,NA,Able Sisters,Available from Able Sisters shop only,NA,NA,All Year,Spring,NA,Free,Cute,Elegant,everyday; fairy tale; party,5,No,For sale,1.0.0,Yes,SocksTexEmbroidery0,628,5204,qAsvxHbnuC6DDNZjG
embroidered-flower tights,,,Beige,No,1000,250,51,Beige,Red,1x1,NA,NA,Able Sisters,Available from Able Sisters shop only,NA,NA,All Year,Spring,NA,Free,Cute,Elegant,everyday; fairy tale; party,6,No,For sale,1.0.0,Yes,SocksTexEmbroidery3,628,9909,fwcHa7FkHcm4BZdYP
everyday socks,,,White,No,600,150,51,White,White,1x1,NA,NA,Able Sisters,Available from either Mabel's temporary shop or Able Sisters shop,NA,NA,All Year,All Year,Summer,Free,Simple,Simple,everyday; work,1,No,For sale,1.0.0,Yes,SocksTexDailysocks5,1059,10038,4s4vWXEwkLbb3efNb
everyday socks,,,Gray,No,600,150,51,Gray,Gray,1x1,NA,NA,Able Sisters,Available from either Mabel's temporary shop or Able Sisters shop,NA,NA,All Year,All Year,NA,Free,Simple,Simple,everyday; work,2,No,For sale,1.0.0,Yes,SocksTexDailysocks3,1059,10036,RYHfit78bZMtfDcGL
everyday socks,,,Black,No,600,150,51,Black,Black,1x1,NA,NA,Able Sisters,Available from either Mabel's temporary shop or Able Sisters shop,NA,NA,All Year,All Year,NA,Free,Simple,Simple,everyday; work,3,No,For sale,1.0.0,Yes,SocksTexDailysocks1,1059,10034,Pe45hBHF5EJnYr9Es
everyday socks,,,Navy blue,No,600,150,51,Blue,Blue,1x1,NA,NA,Able Sisters,Available from either Mabel's temporary shop or Able Sisters shop,NA,NA,All Year,All Year,Winter,Free,Simple,Simple,everyday; work,4,No,For sale,1.0.0,Yes,SocksTexDailysocks2,1059,10035,MyTLF7gvqar4TjoR3
everyday socks,,,Brown,No,600,150,51,Brown,Brown,1x1,NA,NA,Able Sisters,Available from either Mabel's temporary shop or Able Sisters shop,NA,NA,All Year,All Year,NA,Free,Simple,Simple,everyday; work,5,No,For sale,1.0.0,Yes,SocksTexDailysocks0,1059,9645,7NubAsby6JGtDjkQE
everyday socks,,,Beige,No,600,150,51,Beige,Beige,1x1,NA,NA,Able Sisters,Available from either Mabel's temporary shop or Able Sisters shop,NA,NA,All Year,All Year,NA,Free,Simple,Simple,everyday; work,6,No,For sale,1.0.0,Yes,SocksTexDailysocks4,1059,10037,AjdoBNEpkupPceJ4z
everyday tights,,,White,No,720,180,51,White,White,1x1,NA,NA,Able Sisters,Available from either Mabel's temporary shop or Able Sisters shop,NA,NA,All Year,All Year,Summer; Winter,Free,Simple,Simple,everyday; work,1,No,For sale,1.0.0,Yes,SocksTexDailytights3,1050,9684,iENLav487Pt8WgfWk
everyday tights,,,Light gray,No,720,180,51,Gray,Gray,1x1,NA,NA,Able Sisters,Available from either Mabel's temporary shop or Able Sisters shop,NA,NA,All Year,All Year,All Year,Free,Simple,Simple,everyday; work,2,No,For sale,1.0.0,Yes,SocksTexDailytights1,1050,9682,GG4hZNfY85kX42aEe
everyday tights,,,Gray,No,720,180,51,Gray,Gray,1x1,NA,NA,Able Sisters,Available from either Mabel's temporary shop or Able Sisters shop,NA,NA,All Year,All Year,Winter,Free,Simple,Simple,everyday; work,3,No,For sale,1.0.0,Yes,SocksTexDailytights2,1050,9683,HWnMuGqHxjQLh7yDJ
everyday tights,,,Black,No,720,180,51,Black,Black,1x1,NA,NA,Able Sisters,Available from either Mabel's temporary shop or Able Sisters shop,NA,NA,All Year,All Year,All Year,Free,Simple,Simple,everyday; work,4,No,For sale,1.0.0,Yes,SocksTexDailytights0,1050,9581,rh6Bpp5D5QL7QXt7F
everyday tights,,,Navy blue,No,720,180,51,Blue,Blue,1x1,NA,NA,Able Sisters,Available from either Mabel's temporary shop or Able Sisters shop,NA,NA,All Year,All Year,All Year,Free,Simple,Simple,everyday; work,5,No,For sale,1.0.0,Yes,SocksTexDailytights4,1050,9685,Byc5JuPksWfY4wprE
everyday tights,,,Beige,No,720,180,51,Beige,Beige,1x1,NA,NA,Able Sisters,Available from either Mabel's temporary shop or Able Sisters shop,NA,NA,All Year,All Year,Summer,Free,Simple,Simple,everyday; work,6,No,For sale,1.0.0,Yes,SocksTexDailytights5,1050,9686,w9RMWiq6CjrmwWJtN
fishnet tights,,,White,No,480,120,51,White,White,1x1,NA,NA,Able Sisters,Available from Able Sisters shop only,NA,NA,All Year,All Year,NA,Free,Elegant,Cool,party; theatrical,1,No,For sale,1.0.0,Yes,SocksTexAmitights1,48,9659,gsjb2cGwKR3nQswoP
fishnet tights,,,Black,No,480,120,51,Black,Black,1x1,NA,NA,Able Sisters,Available from Able Sisters shop only,NA,NA,All Year,All Year,All Year,Free,Elegant,Cool,party; theatrical,2,No,For sale,1.0.0,Yes,SocksTexAmitights0,48,3096,3tL4DiJ9rWHthc9Pk
fishnet tights,,,Red,No,480,120,51,Red,Red,1x1,NA,NA,Able Sisters,Available from Able Sisters shop only,NA,NA,All Year,All Year,NA,Free,Elegant,Cool,party; theatrical,3,No,For sale,1.0.0,Yes,SocksTexAmitights2,48,9660,48n6aHZGEPnDEK9jx
flowery-dot tights,,,White,No,720,180,51,White,White,1x1,NA,NA,Able Sisters,Available from Able Sisters shop only,NA,NA,All Year,Spring,All Year,Free,Elegant,Cute,fairy tale; formal; party; theatrical,1,No,For sale,1.0.0,Yes,SocksTexFlowerdot0,879,5804,PMGBtgwgdqyfgFLGT
flowery-dot tights,,,Black,No,720,180,51,Black,Black,1x1,NA,NA,Able Sisters,Available from Able Sisters shop only,NA,NA,All Year,Spring,Winter,Free,Elegant,Cute,fairy tale; formal; party; theatrical,2,No,For sale,1.0.0,Yes,SocksTexFlowerdot4,879,9920,Can7JCiG9L8Hm9TDc
flowery-dot tights,,,Pink,No,720,180,51,Pink,White,1x1,NA,NA,Able Sisters,Available from Able Sisters shop only,NA,NA,All Year,Spring,NA,Free,Elegant,Cute,fairy tale; formal; party; theatrical,3,No,For sale,1.0.0,Yes,SocksTexFlowerdot1,879,9917,iPqdJXpkmoQHFa3bk
flowery-dot tights,,,Yellow,No,720,180,51,Yellow,White,1x1,NA,NA,Able Sisters,Available from Able Sisters shop only,NA,NA,All Year,Spring,NA,Free,Elegant,Cute,fairy tale; formal; party; theatrical,4,No,For sale,1.0.0,Yes,SocksTexFlowerdot3,879,9919,MKk8HkGiw8Dm5isEd
flowery-dot tights,,,Blue,No,720,180,51,Aqua,White,1x1,NA,NA,Able Sisters,Available from Able Sisters shop only,NA,NA,All Year,Spring,NA,Free,Elegant,Cute,fairy tale; formal; party; theatrical,5,No,For sale,1.0.0,Yes,SocksTexFlowerdot2,879,9918,LQLHZmbq5ooLpTaSc
frilly knee-high socks,,,Black,No,840,210,23,Black,White,1x1,NA,NA,Kicks; Kicks' Co-op,,Spring (shopping),Yes,Spring,Spring,NA,Free,Cute,Cute,everyday; fairy tale; party; theatrical,1,No,For sale,1.0.0,Yes,SocksTexFrilledknee0,605,5172,vmXP6mnS88memLCX4
frilly knee-high socks,,,Red,No,840,210,23,Red,White,1x1,NA,NA,Kicks; Kicks' Co-op,,Spring (shopping),Yes,Spring,Spring,NA,Free,Cute,Cute,everyday; fairy tale; party; theatrical,2,No,For sale,1.0.0,Yes,SocksTexFrilledknee2,605,11590,xds2s4575YP27vR8A
frilly knee-high socks,,,Pink,No,840,210,23,Pink,White,1x1,NA,NA,Kicks; Kicks' Co-op,,Spring (shopping),Yes,Spring,Spring,NA,Free,Cute,Cute,everyday; fairy tale; party; theatrical,3,No,For sale,1.0.0,Yes,SocksTexFrilledknee5,605,11593,v9tYcuwPdAT7v3wQS
frilly knee-high socks,,,Brown,No,840,210,23,Orange,White,1x1,NA,NA,Kicks; Kicks' Co-op,,Spring (shopping),Yes,Spring,Spring,NA,Free,Cute,Cute,everyday; fairy tale; party; theatrical,4,No,For sale,1.0.0,Yes,SocksTexFrilledknee3,605,11591,JNi4geueh5oD227xR
frilly knee-high socks,,,Yellow,No,840,210,23,Yellow,White,1x1,NA,NA,Kicks; Kicks' Co-op,,Spring (shopping),Yes,Spring,Spring,NA,Free,Cute,Cute,everyday; fairy tale; party; theatrical,5,No,For sale,1.0.0,Yes,SocksTexFrilledknee7,605,11595,WdGcfiFNT7NYtgr2x
frilly knee-high socks,,,Green,No,840,210,23,Green,White,1x1,NA,NA,Kicks; Kicks' Co-op,,Spring (shopping),Yes,Spring,Spring,NA,Free,Cute,Cute,everyday; fairy tale; party; theatrical,6,No,For sale,1.0.0,Yes,SocksTexFrilledknee1,605,11589,3Q2vgyB7ck687Eyqg
frilly knee-high socks,,,Mint,No,840,210,23,Aqua,White,1x1,NA,NA,Kicks; Kicks' Co-op,,Spring (shopping),Yes,Spring,Spring,NA,Free,Cute,Cute,everyday; fairy tale; party; theatrical,7,No,For sale,1.0.0,Yes,SocksTexFrilledknee4,605,11592,CWTTXCXbYiGajL8GN
frilly knee-high socks,,,Purple,No,840,210,23,Purple,White,1x1,NA,NA,Kicks; Kicks' Co-op,,Spring (shopping),Yes,Spring,Spring,NA,Free,Cute,Cute,everyday; fairy tale; party; theatrical,8,No,For sale,1.0.0,Yes,SocksTexFrilledknee6,605,11594,WXa2dtqHH4yTqi72y
frilly socks,,,White,No,720,180,51,White,White,1x1,NA,NA,Able Sisters,Available from Able Sisters shop only,NA,NA,All Year,Autumn,NA,Free,Cute,Simple,everyday; fairy tale; formal; party,1,No,For sale,1.0.0,Yes,SocksTexFrilled0,607,5174,JjfAnWLyzasyYMg3v
frilly socks,,,Pink,No,720,180,51,Pink,White,1x1,NA,NA,Able Sisters,Available from Able Sisters shop only,NA,NA,All Year,Autumn,NA,Free,Cute,Simple,everyday; fairy tale; formal; party,2,No,For sale,1.0.0,Yes,SocksTexFrilled2,607,8935,eReXG6NHXaQ7K3hBX
frilly socks,,,Yellow,No,720,180,51,Yellow,White,1x1,NA,NA,Able Sisters,Available from Able Sisters shop only,NA,NA,All Year,Autumn,NA,Free,Cute,Simple,everyday; fairy tale; formal; party,3,No,For sale,1.0.0,Yes,SocksTexFrilled1,607,8934,riCwe2zM7QyECk3Jr
frilly socks,,,Green,No,720,180,51,Green,White,1x1,NA,NA,Able Sisters,Available from Able Sisters shop only,NA,NA,All Year,Autumn,NA,Free,Cute,Simple,everyday; fairy tale; formal; party,4,No,For sale,1.0.0,Yes,SocksTexFrilled3,607,8936,k4BtF693DbxH33AL6
frilly socks,,,Blue,No,720,180,51,Aqua,White,1x1,NA,NA,Able Sisters,Available from Able Sisters shop only,NA,NA,All Year,Autumn,NA,Free,Cute,Simple,everyday; fairy tale; formal; party,5,No,For sale,1.0.0,Yes,SocksTexFrilled5,607,8938,gQw822wnuA7Cvo7nF
frilly socks,,,Purple,No,720,180,51,Purple,White,1x1,NA,NA,Able Sisters,Available from Able Sisters shop only,NA,NA,All Year,Autumn,NA,Free,Cute,Simple,everyday; fairy tale; formal; party,6,No,For sale,1.0.0,Yes,SocksTexFrilled4,607,8937,RTFEAwp3SBjAFWdd8
funny-face socks,,,Black,No,600,150,23,Black,Gray,1x1,NA,NA,Kicks; Kicks' Co-op,,Summer (shopping),Yes,Summer,Summer,NA,Free,Active,Cute,everyday; comfy,1,No,For sale,1.0.0,Yes,SocksTexCharacter4,723,9995,Z325j6mwSX7psKc6s
funny-face socks,,,Red,No,600,150,23,Red,Yellow,1x1,NA,NA,Kicks; Kicks' Co-op,,Summer (shopping),Yes,Summer,Summer,NA,Free,Active,Cute,everyday; comfy,2,No,For sale,1.0.0,Yes,SocksTexCharacter2,723,9993,qSjBCKKdyA4KREoye
funny-face socks,,,Pink,No,600,150,23,Pink,Aqua,1x1,NA,NA,Kicks; Kicks' Co-op,,Summer (shopping),Yes,Summer,Summer,NA,Free,Active,Cute,everyday; comfy,3,No,For sale,1.0.0,Yes,SocksTexCharacter0,723,5406,foRRtKZSXYm9y3rX9
funny-face socks,,,Green,No,600,150,23,Green,Blue,1x1,NA,NA,Kicks; Kicks' Co-op,,Summer (shopping),Yes,Summer,Summer,NA,Free,Active,Cute,everyday; comfy,4,No,For sale,1.0.0,Yes,SocksTexCharacter3,723,9994,hj2f2Lh4d4ZEWsi6B
funny-face socks,,,Blue,No,600,150,23,Blue,Green,1x1,NA,NA,Kicks; Kicks' Co-op,,Summer (shopping),Yes,Summer,Summer,NA,Free,Active,Cute,everyday; comfy,5,No,For sale,1.0.0,Yes,SocksTexCharacter1,723,9992,y8GCEKe7n9XX2TW4n
garter socks,,,White,No,980,245,23,White,White,1x1,NA,NA,Kicks; Kicks' Co-op,,NA,NA,All Year,All Year,NA,Free,Cool,Elegant,formal; party; theatrical,1,No,For sale,1.0.0,Yes,SocksTexGarter1,541,9661,iDmZtgECn8KRQuAMs
garter socks,,,Black,No,980,245,23,Black,Black,1x1,NA,NA,Kicks; Kicks' Co-op,,NA,NA,All Year,All Year,NA,Free,Cool,Elegant,formal; party; theatrical,2,No,For sale,1.0.0,Yes,SocksTexGarter0,541,4747,iwKjqecWcWav7tNss
garter socks,,,Red,No,980,245,23,Red,Red,1x1,NA,NA,Kicks; Kicks' Co-op,,NA,NA,All Year,All Year,NA,Free,Cool,Elegant,formal; party; theatrical,3,No,For sale,1.0.0,Yes,SocksTexGarter3,541,9663,88SHPWGpx3C5ft2dv
garter socks,,,Purple,No,980,245,23,Purple,Purple,1x1,NA,NA,Kicks; Kicks' Co-op,,NA,NA,All Year,All Year,NA,Free,Cool,Elegant,formal; party; theatrical,4,No,For sale,1.0.0,Yes,SocksTexGarter2,541,9662,RN674wx6333j9XEHA
geometric-print socks,,,Pink,No,950,237,51,Pink,Colorful,1x1,NA,NA,Able Sisters,Available from Able Sisters shop only,NA,NA,All Year,Autumn,NA,Free,Active,Gorgeous,outdoorsy,1,No,For sale,1.0.0,Yes,SocksTexChimayo4,749,9915,PuAirT3RNJoiq4EsZ
geometric-print socks,,,Yellow,No,950,237,51,Yellow,Colorful,1x1,NA,NA,Able Sisters,Available from Able Sisters shop only,NA,NA,All Year,Autumn,NA,Free,Active,Gorgeous,outdoorsy,2,No,For sale,1.0.0,Yes,SocksTexChimayo0,749,5444,iRLnesjDYbtq9h3KN
geometric-print socks,,,Green,No,950,237,51,Green,Colorful,1x1,NA,NA,Able Sisters,Available from Able Sisters shop only,NA,NA,All Year,Autumn,NA,Free,Active,Gorgeous,outdoorsy,3,No,For sale,1.0.0,Yes,SocksTexChimayo5,749,9916,jiHCobNrHoCB3jBao
geometric-print socks,,,Peacock blue,No,950,237,51,Aqua,Colorful,1x1,NA,NA,Able Sisters,Available from Able Sisters shop only,NA,NA,All Year,Autumn,NA,Free,Active,Gorgeous,outdoorsy,4,No,For sale,1.0.0,Yes,SocksTexChimayo1,749,9912,LREKsNHetcJzH6h8w
geometric-print socks,,,Purple,No,950,237,51,Purple,Colorful,1x1,NA,NA,Able Sisters,Available from Able Sisters shop only,NA,NA,All Year,Autumn,NA,Free,Active,Gorgeous,outdoorsy,5,No,For sale,1.0.0,Yes,SocksTexChimayo2,749,9913,eLuF389npgRiWzMAS
geometric-print socks,,,Beige,No,950,237,51,Beige,Colorful,1x1,NA,NA,Able Sisters,Available from Able Sisters shop only,NA,NA,All Year,Autumn,NA,Free,Active,Gorgeous,outdoorsy,6,No,For sale,1.0.0,Yes,SocksTexChimayo3,749,9914,ssdvzowHC9cjHtC7E
hand-knit socks,,,Orange,No,700,175,51,Orange,Orange,1x1,NA,NA,Able Sisters,Available from either Mabel's temporary shop or Able Sisters shop,NA,NA,All Year,Autumn,NA,Free,Simple,Elegant,outdoorsy; comfy,1,No,For sale,1.0.0,Yes,SocksTexHandknit2,620,9077,digGMqMoQXzCPZHcp
hand-knit socks,,,Green,No,700,175,51,Green,Green,1x1,NA,NA,Able Sisters,Available from either Mabel's temporary shop or Able Sisters shop,NA,NA,All Year,Autumn,NA,Free,Simple,Elegant,outdoorsy; comfy,2,No,For sale,1.0.0,Yes,SocksTexHandknit0,620,5196,z54zAKmuyqXF6pRiL
hand-knit socks,,,Purple,No,700,175,51,Purple,Purple,1x1,NA,NA,Able Sisters,Available from either Mabel's temporary shop or Able Sisters shop,NA,NA,All Year,Autumn,NA,Free,Simple,Elegant,outdoorsy; comfy,3,No,For sale,1.0.0,Yes,SocksTexHandknit1,620,9076,j5an4tBSddSdQKoTE
holey socks,,,Blue,No,NFS,10,53,Blue,Blue,1x1,NA,NA,Recycle box,,NA,NA,All Year,All Year,NA,Free,Simple,Simple,goth; comfy,1,No,Not for sale,1.0.0,Yes,SocksTexHole0,610,5178,eaux4kbxPYywzEPnk
holey socks,,,Navy blue,No,NFS,10,53,Blue,Blue,1x1,NA,NA,Recycle box,,NA,NA,All Year,All Year,NA,Free,Simple,Simple,goth; comfy,2,No,Not for sale,1.0.0,Yes,SocksTexHole1,610,9070,ekrFBBgdDZN9rCRyX
holey socks,,,White,No,NFS,10,53,Beige,Beige,1x1,NA,NA,Recycle box,,NA,NA,All Year,All Year,NA,Free,Simple,Simple,goth; comfy,3,No,Not for sale,1.0.0,Yes,SocksTexHole2,610,9071,mCipqhEgf8Co9QRig
holey tights,,,Black,No,350,87,51,Black,Black,1x1,NA,NA,Able Sisters,Available from either Mabel's temporary shop or Able Sisters shop,NA,NA,All Year,Autumn,NA,Free,Cool,Active,everyday; goth; theatrical,1,No,For sale,1.0.0,Yes,SocksTexHoletights0,608,5176,CWxgPmSn9NHnRk7n8
holey tights,,,Red,No,350,87,51,Red,Red,1x1,NA,NA,Able Sisters,Available from either Mabel's temporary shop or Able Sisters shop,NA,NA,All Year,Autumn,Winter,Free,Cool,Active,everyday; goth; theatrical,2,No,For sale,1.0.0,Yes,SocksTexHoletights3,608,9666,XddtgttTuvd2aGgJz
holey tights,,,Pink,No,350,87,51,Pink,Pink,1x1,NA,NA,Able Sisters,Available from either Mabel's temporary shop or Able Sisters shop,NA,NA,All Year,Autumn,NA,Free,Cool,Active,everyday; goth; theatrical,3,No,For sale,1.0.0,Yes,SocksTexHoletights1,608,9664,kfjtinkEFrk92xCDv
holey tights,,,Yellow,No,350,87,51,Yellow,Yellow,1x1,NA,NA,Able Sisters,Available from either Mabel's temporary shop or Able Sisters shop,NA,NA,All Year,Autumn,NA,Free,Cool,Active,everyday; goth; theatrical,4,No,For sale,1.0.0,Yes,SocksTexHoletights7,608,9670,ZZ6wt2b5AyB4R3pEd
holey tights,,,Green,No,350,87,51,Green,Green,1x1,NA,NA,Able Sisters,Available from either Mabel's temporary shop or Able Sisters shop,NA,NA,All Year,Autumn,NA,Free,Cool,Active,everyday; goth; theatrical,5,No,For sale,1.0.0,Yes,SocksTexHoletights5,608,9668,HsCb6Xa2yr6KfoP3j
holey tights,,,Light blue,No,350,87,51,Aqua,Aqua,1x1,NA,NA,Able Sisters,Available from either Mabel's temporary shop or Able Sisters shop,NA,NA,All Year,Autumn,NA,Free,Cool,Active,everyday; goth; theatrical,6,No,For sale,1.0.0,Yes,SocksTexHoletights2,608,9665,kRb3QxmzBz664qW7k
holey tights,,,Blue,No,350,87,51,Blue,Blue,1x1,NA,NA,Able Sisters,Available from either Mabel's temporary shop or Able Sisters shop,NA,NA,All Year,Autumn,NA,Free,Cool,Active,everyday; goth; theatrical,7,No,For sale,1.0.0,Yes,SocksTexHoletights6,608,9669,PYaDDkoBgonoD9ZgF
holey tights,,,Purple,No,350,87,51,Purple,Purple,1x1,NA,NA,Able Sisters,Available from either Mabel's temporary shop or Able Sisters shop,NA,NA,All Year,Autumn,NA,Free,Cool,Active,everyday; goth; theatrical,8,No,For sale,1.0.0,Yes,SocksTexHoletights4,608,9667,dwSSLoeYvH4S8Bdvf
horizontal-striped tights,,,White,No,720,180,51,White,Gray,1x1,NA,NA,Able Sisters,Available from Able Sisters shop only,Halloween (days before); Halloween,No,All Year,All Year,NA,Free,Simple,Active,everyday; goth; party,1,No,For sale,1.5.0,Yes,SocksTexHalloween2,1275,13373,iK4EJqE7E77gmjvvQ
horizontal-striped tights,,,Black,No,720,180,51,Black,Gray,1x1,NA,NA,Able Sisters,Available from Able Sisters shop only,Halloween (days before); Halloween,No,All Year,All Year,NA,Free,Simple,Active,everyday; goth; party,2,No,For sale,1.5.0,Yes,SocksTexHalloween5,1275,13376,5xyRgKDWLF4wqhWjK
horizontal-striped tights,,,Red,No,720,180,51,Red,Purple,1x1,NA,NA,Able Sisters,Available from Able Sisters shop only,Halloween (days before); Halloween,No,All Year,All Year,NA,Free,Simple,Active,everyday; goth; party,3,No,For sale,1.5.0,Yes,SocksTexHalloween4,1275,13375,ARTENukN9A9baPyxd
horizontal-striped tights,,,Orange,No,720,180,51,Orange,Red,1x1,NA,NA,Able Sisters,Available from Able Sisters shop only,Halloween (days before); Halloween,No,All Year,All Year,NA,Free,Simple,Active,everyday; goth; party,4,No,For sale,1.5.0,Yes,SocksTexHalloween0,1275,13029,4MQf429YhyaisAstM
horizontal-striped tights,,,Green,No,720,180,51,Green,Green,1x1,NA,NA,Able Sisters,Available from Able Sisters shop only,Halloween (days before); Halloween,No,All Year,All Year,NA,Free,Simple,Active,everyday; goth; party,5,No,For sale,1.5.0,Yes,SocksTexHalloween3,1275,13374,iqz4SqaFfDAQNxbM6
horizontal-striped tights,,,Purple,No,720,180,51,Purple,Pink,1x1,NA,NA,Able Sisters,Available from Able Sisters shop only,Halloween (days before); Halloween,No,All Year,All Year,NA,Free,Simple,Active,everyday; goth; party,6,No,For sale,1.5.0,Yes,SocksTexHalloween1,1275,13372,tNzNuZEXQyvThB6zx
Kerokerokeroppi socks,,,NA,No,720,180,201,Red,White,1x1,NA,NA,Nook Shopping Promotion,Scan the associated Sanrio amiibo card,NA,NA,All Year,All Year,NA,Free,Cute,Cool,everyday; fairy tale,1,No,Not in catalog,1.9.0,Yes,SocksTexKeroppi0,1296,13183,o5jPQfMDj5zEfSEGW
kiddie socks,,,Black & gray,No,600,150,23,Black,Gray,1x1,NA,NA,Kicks; Kicks' Co-op,,NA,NA,All Year,All Year,NA,Free,Cute,Simple,everyday; outdoorsy; comfy; sporty,1,No,For sale,1.0.0,Yes,SocksTexKids7,625,9991,JYXCDdJSMofR4Fhgn
kiddie socks,,,Red & light blue,No,600,150,23,Red,Aqua,1x1,NA,NA,Kicks; Kicks' Co-op,,NA,NA,All Year,All Year,NA,Free,Cute,Simple,everyday; outdoorsy; comfy; sporty,2,No,For sale,1.0.0,Yes,SocksTexKids0,625,5201,5mqGef4h29DktRP5J
kiddie socks,,,Pink & yellow,No,600,150,23,Pink,Yellow,1x1,NA,NA,Kicks; Kicks' Co-op,,NA,NA,All Year,All Year,NA,Free,Cute,Simple,everyday; outdoorsy; comfy; sporty,3,No,For sale,1.0.0,Yes,SocksTexKids6,625,9990,uDAkFWgcMBdTxrpe7
kiddie socks,,,Yellow & purple,No,600,150,23,Yellow,Purple,1x1,NA,NA,Kicks; Kicks' Co-op,,NA,NA,All Year,All Year,NA,Free,Cute,Simple,everyday; outdoorsy; comfy; sporty,4,No,For sale,1.0.0,Yes,SocksTexKids3,625,9987,CR4KZHwxdFpshqtRN
kiddie socks,,,Lime & pink,No,600,150,23,Green,Pink,1x1,NA,NA,Kicks; Kicks' Co-op,,NA,NA,All Year,All Year,NA,Free,Cute,Simple,everyday; outdoorsy; comfy; sporty,5,No,For sale,1.0.0,Yes,SocksTexKids2,625,9986,rKW7PLjcnQTJmxLpj
kiddie socks,,,Light blue & red,No,600,150,23,Aqua,Red,1x1,NA,NA,Kicks; Kicks' Co-op,,NA,NA,All Year,All Year,NA,Free,Cute,Simple,everyday; outdoorsy; comfy; sporty,6,No,For sale,1.0.0,Yes,SocksTexKids4,625,9988,LFgFyfPHF5DCtB2Mg
kiddie socks,,,Blue & orange,No,600,150,23,Blue,Orange,1x1,NA,NA,Kicks; Kicks' Co-op,,NA,NA,All Year,All Year,NA,Free,Cute,Simple,everyday; outdoorsy; comfy; sporty,7,No,For sale,1.0.0,Yes,SocksTexKids1,625,9985,caua8mbapACdisDuE
kiddie socks,,,Purple & green,No,600,150,23,Purple,Green,1x1,NA,NA,Kicks; Kicks' Co-op,,NA,NA,All Year,All Year,NA,Free,Cute,Simple,everyday; outdoorsy; comfy; sporty,8,No,For sale,1.0.0,Yes,SocksTexKids5,625,9989,Q5ppLfq9eAyh5CiDd
Kiki & Lala socks,,,NA,No,720,180,201,White,Pink,1x1,NA,NA,Nook Shopping Promotion,Scan the associated Sanrio amiibo card,NA,NA,All Year,All Year,NA,Free,Cute,Cute,everyday; fairy tale,1,No,Not in catalog,1.9.0,Yes,SocksTexKikilala0,1286,13172,EipTnGwS7GXyAkL6K
knee bandages,,,NA,No,240,60,51,Beige,Beige,1x1,NA,NA,Able Sisters,,NA,NA,All Year,All Year,NA,Free,Simple,Simple,everyday; comfy,1,No,For sale,2.0.0,Yes,SocksTexBandage0,1252,12966,FZTBGayaiFHgDS9Hb
knee braces,,,Black & red,No,540,135,23,Black,Red,1x1,NA,NA,Kicks; Kicks' Co-op,,NA,NA,All Year,All Year,NA,Free,Active,Active,everyday; sporty,1,No,For sale,2.0.0,Yes,SocksTexProtector0,1407,14423,mvsbZv7SZmshyE8wR
knee braces,,,Black & blue,No,540,135,23,Black,Blue,1x1,NA,NA,Kicks; Kicks' Co-op,,NA,NA,All Year,All Year,NA,Free,Active,Active,everyday; sporty,2,No,For sale,2.0.0,Yes,SocksTexProtector1,1407,139,BcN4Zkg3uRdd9iEu5
knee braces,,,Black & yellow,No,540,135,23,Black,Yellow,1x1,NA,NA,Kicks; Kicks' Co-op,,NA,NA,All Year,All Year,NA,Free,Active,Active,everyday; sporty,3,No,For sale,2.0.0,Yes,SocksTexProtector2,1407,140,pqJA6T2ebFnWmveki
knee braces,,,Black & pink,No,540,135,23,Black,Pink,1x1,NA,NA,Kicks; Kicks' Co-op,,NA,NA,All Year,All Year,NA,Free,Active,Active,everyday; sporty,4,No,For sale,2.0.0,Yes,SocksTexProtector3,1407,141,pfWMmeTXzXQek5tYr
knee braces,,,White & black,No,540,135,23,White,Black,1x1,NA,NA,Kicks; Kicks' Co-op,,NA,NA,All Year,All Year,NA,Free,Active,Active,everyday; sporty,5,No,For sale,2.0.0,Yes,SocksTexProtector4,1407,142,39f2KgqgSQ4gSSY8H
Labelle socks,,,Midnight,No,940,235,351,Black,Black,1x1,NA,NA,Label,Added to Able Sisters stock rotation the day after receiving this item from Label,NA,NA,All Year,All Year,NA,Free,Cool,Simple,everyday; formal; sporty; theatrical,1,No,For sale,1.0.0,Yes,SocksTexKatesocks1,1134,11761,ZaX5Gyb34Kwj9bzLn
Labelle socks,,,Passion,No,940,235,351,Red,Red,1x1,NA,NA,Label,Added to Able Sisters stock rotation the day after receiving this item from Label,NA,NA,All Year,All Year,NA,Free,Cool,Simple,everyday; formal; sporty; theatrical,2,No,For sale,1.0.0,Yes,SocksTexKatesocks2,1134,11762,b7JBgeuAoWuwhKc9b
Labelle socks,,,Love,No,940,235,351,Pink,Pink,1x1,NA,NA,Label,Added to Able Sisters stock rotation the day after receiving this item from Label,NA,NA,All Year,All Year,NA,Free,Cool,Simple,everyday; formal; sporty; theatrical,3,No,For sale,1.0.0,Yes,SocksTexKatesocks5,1134,11765,zSHmRiEPN4emdp2Bg
Labelle socks,,,Sunset,No,940,235,351,Yellow,Yellow,1x1,NA,NA,Label,Added to Able Sisters stock rotation the day after receiving this item from Label,NA,NA,All Year,All Year,NA,Free,Cool,Simple,everyday; formal; sporty; theatrical,4,No,For sale,1.0.0,Yes,SocksTexKatesocks4,1134,11764,bkDdwmPfGjYDQvo3b
Labelle socks,,,Ocean,No,940,235,351,Blue,Blue,1x1,NA,NA,Label,Added to Able Sisters stock rotation the day after receiving this item from Label,NA,NA,All Year,All Year,NA,Free,Cool,Simple,everyday; formal; sporty; theatrical,5,No,For sale,1.0.0,Yes,SocksTexKatesocks3,1134,11763,RdoRnCSw4FpEXci5s
Labelle socks,,,Twilight,No,940,235,351,Purple,Purple,1x1,NA,NA,Label,Added to Able Sisters stock rotation the day after receiving this item from Label,NA,NA,All Year,All Year,NA,Free,Cool,Simple,everyday; formal; sporty; theatrical,6,No,For sale,1.0.0,Yes,SocksTexKatesocks0,1134,9883,hyhRxPjBSZAvnxQjr
Labelle tights,,,Midnight,No,1240,310,351,Black,Black,1x1,NA,NA,Label,Added to Able Sisters stock rotation the day after receiving this item from Label,NA,NA,All Year,All Year,NA,Womanly,Elegant,Cute,everyday; formal; party; theatrical,1,No,For sale,1.0.0,Yes,SocksTexKatetights1,1133,11756,s9SheWRC6wvujqCQp
Labelle tights,,,Passion,No,1240,310,351,Red,Red,1x1,NA,NA,Label,Added to Able Sisters stock rotation the day after receiving this item from Label,NA,NA,All Year,All Year,NA,Womanly,Elegant,Cute,everyday; formal; party; theatrical,2,No,For sale,1.0.0,Yes,SocksTexKatetights2,1133,11757,epohpktM92yF7bhcB
Labelle tights,,,Love,No,1240,310,351,Pink,Pink,1x1,NA,NA,Label,Added to Able Sisters stock rotation the day after receiving this item from Label,NA,NA,All Year,All Year,NA,Womanly,Elegant,Cute,everyday; formal; party; theatrical,3,No,For sale,1.0.0,Yes,SocksTexKatetights5,1133,11760,zrQngGimLZz9HNpck
Labelle tights,,,Sunset,No,1240,310,351,Orange,Orange,1x1,NA,NA,Label,Added to Able Sisters stock rotation the day after receiving this item from Label,NA,NA,All Year,All Year,NA,Womanly,Elegant,Cute,everyday; formal; party; theatrical,4,No,For sale,1.0.0,Yes,SocksTexKatetights4,1133,11759,e5f9rJg8Qo56X6xpo
Labelle tights,,,Ocean,No,1240,310,351,Blue,Blue,1x1,NA,NA,Label,Added to Able Sisters stock rotation the day after receiving this item from Label,NA,NA,All Year,All Year,NA,Womanly,Elegant,Cute,everyday; formal; party; theatrical,5,No,For sale,1.0.0,Yes,SocksTexKatetights3,1133,11758,MAHpTyaE9sPCXsKpb
Labelle tights,,,Twilight,No,1240,310,351,Purple,Purple,1x1,NA,NA,Label,Added to Able Sisters stock rotation the day after receiving this item from Label,NA,NA,All Year,All Year,NA,Womanly,Elegant,Cute,everyday; formal; party; theatrical,6,No,For sale,1.0.0,Yes,SocksTexKatetights0,1133,9882,dL7xeqfcNGRcayR59
lace socks,,,White,No,720,180,51,White,White,1x1,NA,NA,Able Sisters,Available from Able Sisters shop only,NA,NA,All Year,Spring,NA,Free,Elegant,Simple,everyday; fairy tale; formal; party,1,No,For sale,1.0.0,Yes,SocksTexLace0,606,5173,qRGNuwPJJS3YyWe7w
lace socks,,,Black,No,720,180,51,Black,White,1x1,NA,NA,Able Sisters,Available from Able Sisters shop only,NA,NA,All Year,Spring,NA,Free,Elegant,Simple,everyday; fairy tale; formal; party,2,No,For sale,1.0.0,Yes,SocksTexLace3,606,8933,86Y8rtryieE8cCHcS
lace socks,,,Pink,No,720,180,51,Pink,White,1x1,NA,NA,Able Sisters,Available from Able Sisters shop only,NA,NA,All Year,Spring,NA,Free,Elegant,Simple,everyday; fairy tale; formal; party,3,No,For sale,1.0.0,Yes,SocksTexLace1,606,8931,HMyTxrLsMc3PkSPXN
lace socks,,,Green,No,720,180,51,Green,White,1x1,NA,NA,Able Sisters,Available from Able Sisters shop only,NA,NA,All Year,Spring,NA,Free,Elegant,Simple,everyday; fairy tale; formal; party,4,No,For sale,1.0.0,Yes,SocksTexLace2,606,8932,zFT2DpYJPacGNEAP4
lace socks,,,Beige,No,720,180,51,Beige,White,1x1,NA,NA,Able Sisters,Available from Able Sisters shop only,NA,NA,All Year,Spring,NA,Free,Elegant,Simple,everyday; fairy tale; formal; party,5,No,For sale,1.0.0,Yes,SocksTexLace4,606,10170,2wWiCEyFpcC64yLJz
layered socks,,,Red,No,720,180,51,Gray,Red,1x1,NA,NA,Able Sisters,Available from Able Sisters shop only,Winter (shopping),No,Winter,Winter,NA,Free,Simple,Active,everyday; comfy,1,No,For sale,1.0.0,Yes,SockstTexOverlapping4,619,9905,dtFsbH6p5a4dPufKx
layered socks,,,Orange,No,720,180,51,Gray,Orange,1x1,NA,NA,Able Sisters,Available from Able Sisters shop only,Winter (shopping),No,Winter,Winter,NA,Free,Simple,Active,everyday; comfy,2,No,For sale,1.0.0,Yes,SockstTexOverlapping5,619,9906,3wugeZu3eS3Kq5Mfz
layered socks,,,Yellow,No,720,180,51,Gray,Yellow,1x1,NA,NA,Able Sisters,Available from Able Sisters shop only,Winter (shopping),No,Winter,Winter,NA,Free,Simple,Active,everyday; comfy,3,No,For sale,1.0.0,Yes,SockstTexOverlapping2,619,9903,f8f8oNrhxiA3WCZwn
layered socks,,,Green,No,720,180,51,Gray,Green,1x1,NA,NA,Able Sisters,Available from Able Sisters shop only,Winter (shopping),No,Winter,Winter,Winter,Free,Simple,Active,everyday; comfy,4,No,For sale,1.0.0,Yes,SockstTexOverlapping3,619,9904,v5xsCzumBt8AQxD2q
layered socks,,,Blue,No,720,180,51,Gray,Blue,1x1,NA,NA,Able Sisters,Available from Able Sisters shop only,Winter (shopping),No,Winter,Winter,NA,Free,Simple,Active,everyday; comfy,5,No,For sale,1.0.0,Yes,SockstTexOverlapping1,619,9902,pYcz36NuF4WtFs6nd
layered socks,,,Purple,No,720,180,51,Gray,Purple,1x1,NA,NA,Able Sisters,Available from Able Sisters shop only,Winter (shopping),No,Winter,Winter,NA,Free,Simple,Active,everyday; comfy,6,No,For sale,1.0.0,Yes,SockstTexOverlapping0,619,5195,2am8FTEZehx7t7nh7
leg warmers,,,Gray,No,440,110,51,Gray,Gray,1x1,NA,NA,Able Sisters,Available from either Mabel's temporary shop or Able Sisters shop,Winter (shopping),No,Winter,Winter,NA,Free,Active,Simple,outdoorsy; comfy,1,No,For sale,1.0.0,Yes,SocksTexLegwarmer2,602,9786,MRYbYyEpPpwCHQC6K
leg warmers,,,Black,No,440,110,51,Black,Black,1x1,NA,NA,Able Sisters,Available from either Mabel's temporary shop or Able Sisters shop,Winter (shopping),No,Winter,Winter,NA,Free,Active,Simple,outdoorsy; comfy,2,No,For sale,1.0.0,Yes,SocksTexLegwarmer1,602,9785,7SjdceMm9EBftH999
leg warmers,,,Pink,No,440,110,51,Pink,Pink,1x1,NA,NA,Able Sisters,Available from either Mabel's temporary shop or Able Sisters shop,Winter (shopping),No,Winter,Winter,NA,Free,Active,Simple,outdoorsy; comfy,3,No,For sale,1.0.0,Yes,SocksTexLegwarmer3,602,9787,YbGujwbC62LKu4EJX
leg warmers,,,Blue,No,440,110,51,Blue,Blue,1x1,NA,NA,Able Sisters,Available from either Mabel's temporary shop or Able Sisters shop,Winter (shopping),No,Winter,Winter,NA,Free,Active,Simple,outdoorsy; comfy,4,No,For sale,1.0.0,Yes,SocksTexLegwarmer5,602,9789,pLsudAtibb4CcFrXA
leg warmers,,,Purple,No,440,110,51,Purple,Purple,1x1,NA,NA,Able Sisters,Available from either Mabel's temporary shop or Able Sisters shop,Winter (shopping),No,Winter,Winter,NA,Free,Active,Simple,outdoorsy; comfy,5,No,For sale,1.0.0,Yes,SocksTexLegwarmer0,602,5169,XfT3B4xa9sbPq9SXo
leg warmers,,,Light purple,No,440,110,51,Purple,Purple,1x1,NA,NA,Able Sisters,Available from either Mabel's temporary shop or Able Sisters shop,Winter (shopping),No,Winter,Winter,NA,Free,Active,Simple,outdoorsy; comfy,6,No,For sale,1.0.0,Yes,SocksTexLegwarmer4,602,9788,HsxzpQQSheGZLynvt
mixed-tweed socks,,,Red,No,800,200,51,Red,Red,1x1,NA,NA,Able Sisters,Available from either Mabel's temporary shop or Able Sisters shop,NA,NA,All Year,Autumn,NA,Free,Simple,Active,everyday; comfy,1,No,For sale,1.0.0,Yes,SocksTexMixtweed0,601,5168,owfZHfF53LSDDc9oY
mixed-tweed socks,,,Orange,No,800,200,51,Orange,Orange,1x1,NA,NA,Able Sisters,Available from either Mabel's temporary shop or Able Sisters shop,NA,NA,All Year,Autumn,NA,Free,Simple,Active,everyday; comfy,2,No,For sale,1.0.0,Yes,SocksTexMixtweed5,601,9067,rKn2vigLdAKyp78pT
mixed-tweed socks,,,Lime,No,800,200,51,Yellow,Yellow,1x1,NA,NA,Able Sisters,Available from either Mabel's temporary shop or Able Sisters shop,NA,NA,All Year,Autumn,NA,Free,Simple,Active,everyday; comfy,3,No,For sale,1.0.0,Yes,SocksTexMixtweed6,601,9068,pYazqm8irTwb5jLvL
mixed-tweed socks,,,Avocado,No,800,200,51,Green,Green,1x1,NA,NA,Able Sisters,Available from either Mabel's temporary shop or Able Sisters shop,NA,NA,All Year,Autumn,Summer,Free,Simple,Active,everyday; comfy,4,No,For sale,1.0.0,Yes,SocksTexMixtweed1,601,9063,Sm9A7YY3Cop9SL2SL
mixed-tweed socks,,,Light blue,No,800,200,51,Aqua,Aqua,1x1,NA,NA,Able Sisters,Available from either Mabel's temporary shop or Able Sisters shop,NA,NA,All Year,Autumn,NA,Free,Simple,Active,everyday; comfy,5,No,For sale,1.0.0,Yes,SocksTexMixtweed2,601,9064,g8E79aFTJFqNSWkHa
mixed-tweed socks,,,Blue,No,800,200,51,Blue,Blue,1x1,NA,NA,Able Sisters,Available from either Mabel's temporary shop or Able Sisters shop,NA,NA,All Year,Autumn,NA,Free,Simple,Active,everyday; comfy,6,No,For sale,1.0.0,Yes,SocksTexMixtweed4,601,9066,8zXuSD5mWeqWx9Ya3
mixed-tweed socks,,,Purple,No,800,200,51,Purple,Purple,1x1,NA,NA,Able Sisters,Available from either Mabel's temporary shop or Able Sisters shop,NA,NA,All Year,Autumn,NA,Free,Simple,Active,everyday; comfy,7,No,For sale,1.0.0,Yes,SocksTexMixtweed3,601,9065,zYKg8nbNZ4yiK8MRo
mixed-tweed socks,,,Pink,No,800,200,51,Beige,Beige,1x1,NA,NA,Able Sisters,Available from either Mabel's temporary shop or Able Sisters shop,NA,NA,All Year,Autumn,NA,Free,Simple,Active,everyday; comfy,8,No,For sale,1.0.0,Yes,SocksTexMixtweed7,601,9069,cdQLDmrQGmcMsDCyB
neon leggings,,,Pink,No,540,135,51,Pink,Purple,1x1,NA,NA,Able Sisters,Available from either Mabel's temporary shop or Able Sisters shop,NA,NA,All Year,All Year,All Year,Free,Active,Simple,outdoorsy; party; theatrical,1,No,For sale,1.0.0,Yes,SocksTexNeonleggings1,1054,9808,m3yXnPxG2S67TTXiP
neon leggings,,,Orange,No,540,135,51,Orange,Pink,1x1,NA,NA,Able Sisters,Available from either Mabel's temporary shop or Able Sisters shop,NA,NA,All Year,All Year,NA,Free,Active,Simple,outdoorsy; party; theatrical,2,No,For sale,1.0.0,Yes,SocksTexNeonleggings2,1054,9809,nWcu7nF4Mm3GAaFuz
neon leggings,,,Yellow,No,540,135,51,Yellow,Orange,1x1,NA,NA,Able Sisters,Available from either Mabel's temporary shop or Able Sisters shop,NA,NA,All Year,All Year,NA,Free,Active,Simple,outdoorsy; party; theatrical,3,No,For sale,1.0.0,Yes,SocksTexNeonleggings0,1054,9586,RLSZDLNbLG83GjLLK
neon leggings,,,Green,No,540,135,51,Green,Aqua,1x1,NA,NA,Able Sisters,Available from either Mabel's temporary shop or Able Sisters shop,NA,NA,All Year,All Year,NA,Free,Active,Simple,outdoorsy; party; theatrical,4,No,For sale,1.0.0,Yes,SocksTexNeonleggings3,1054,9810,CiRdadkZ8CZHGSLWr
neon leggings,,,Purple,No,540,135,51,Purple,Blue,1x1,NA,NA,Able Sisters,Available from either Mabel's temporary shop or Able Sisters shop,NA,NA,All Year,All Year,NA,Free,Active,Simple,outdoorsy; party; theatrical,5,No,For sale,1.0.0,Yes,SocksTexNeonleggings4,1054,9811,tYx44vCXssquakWKM
neon tights,,,Pink,No,720,180,51,Pink,Purple,1x1,NA,NA,Able Sisters,Available from either Mabel's temporary shop or Able Sisters shop,NA,NA,All Year,All Year,NA,Free,Active,Simple,party; theatrical,1,No,For sale,1.0.0,Yes,SocksTexNeontights1,1052,9694,W49nhK8ikKp6iSa5a
neon tights,,,Orange,No,720,180,51,Orange,Pink,1x1,NA,NA,Able Sisters,Available from either Mabel's temporary shop or Able Sisters shop,NA,NA,All Year,All Year,All Year,Free,Active,Simple,party; theatrical,2,No,For sale,1.0.0,Yes,SocksTexNeontights2,1052,9695,pXXmML69f4b9sRPsa
neon tights,,,Yellow,No,720,180,51,Yellow,Orange,1x1,NA,NA,Able Sisters,Available from either Mabel's temporary shop or Able Sisters shop,NA,NA,All Year,All Year,NA,Free,Active,Simple,party; theatrical,3,No,For sale,1.0.0,Yes,SocksTexNeontights0,1052,9583,ribe86zk8CSeDJcNX
neon tights,,,Green,No,720,180,51,Green,Aqua,1x1,NA,NA,Able Sisters,Available from either Mabel's temporary shop or Able Sisters shop,NA,NA,All Year,All Year,All Year,Free,Active,Simple,party; theatrical,4,No,For sale,1.0.0,Yes,SocksTexNeontights3,1052,9696,eQLqwi3PDf8SvShDJ
neon tights,,,Purple,No,720,180,51,Purple,Blue,1x1,NA,NA,Able Sisters,Available from either Mabel's temporary shop or Able Sisters shop,NA,NA,All Year,All Year,NA,Free,Active,Simple,party; theatrical,5,No,For sale,1.0.0,Yes,SocksTexNeontights4,1052,9697,rqxeHWvFkEJxeELii
no-show socks,,,White,No,480,120,51,White,Red,1x1,NA,NA,Able Sisters,Available from either Mabel's temporary shop or Able Sisters shop,NA,NA,All Year,Summer,All Year,Free,Simple,Active,everyday; outdoorsy; comfy; sporty,1,No,For sale,1.0.0,Yes,SocksTexSneakerin1,535,10003,nsnHnWq7HcCK3dSS5
no-show socks,,,Gray,No,480,120,51,Gray,Black,1x1,NA,NA,Able Sisters,Available from either Mabel's temporary shop or Able Sisters shop,NA,NA,All Year,Summer,Summer,Free,Simple,Active,everyday; outdoorsy; comfy; sporty,2,No,For sale,1.0.0,Yes,SocksTexSneakerin0,535,4741,23uqWuWmWfQc9SZrT
no-show socks,,,Berry red,No,480,120,51,Red,Gray,1x1,NA,NA,Able Sisters,Available from either Mabel's temporary shop or Able Sisters shop,NA,NA,All Year,Summer,NA,Free,Simple,Active,everyday; outdoorsy; comfy; sporty,3,No,For sale,1.0.0,Yes,SocksTexSneakerin2,535,10004,RSdqLjfMrxzg6Nmij
no-show socks,,,Orange,No,480,120,51,Orange,Purple,1x1,NA,NA,Able Sisters,Available from either Mabel's temporary shop or Able Sisters shop,NA,NA,All Year,Summer,NA,Free,Simple,Active,everyday; outdoorsy; comfy; sporty,4,No,For sale,1.0.0,Yes,SocksTexSneakerin4,535,10006,QWGErd9MjKGGs4iPK
no-show socks,,,Yellow,No,480,120,51,Yellow,Aqua,1x1,NA,NA,Able Sisters,Available from either Mabel's temporary shop or Able Sisters shop,NA,NA,All Year,Summer,NA,Free,Simple,Active,everyday; outdoorsy; comfy; sporty,5,No,For sale,1.0.0,Yes,SocksTexSneakerin7,535,10009,58eK8s82q6PQojHbZ
no-show socks,,,Green,No,480,120,51,Green,Blue,1x1,NA,NA,Able Sisters,Available from either Mabel's temporary shop or Able Sisters shop,NA,NA,All Year,Summer,NA,Free,Simple,Active,everyday; outdoorsy; comfy; sporty,6,No,For sale,1.0.0,Yes,SocksTexSneakerin5,535,10007,w7siY5WWvHdgEhgHS
no-show socks,,,Light blue,No,480,120,51,Aqua,White,1x1,NA,NA,Able Sisters,Available from either Mabel's temporary shop or Able Sisters shop,NA,NA,All Year,Summer,All Year,Free,Simple,Active,everyday; outdoorsy; comfy; sporty,7,No,For sale,1.0.0,Yes,SocksTexSneakerin3,535,10005,YvFWc5QiCGCypwRRn
no-show socks,,,Navy blue,No,480,120,51,Blue,Yellow,1x1,NA,NA,Able Sisters,Available from either Mabel's temporary shop or Able Sisters shop,NA,NA,All Year,Summer,NA,Free,Simple,Active,everyday; outdoorsy; comfy; sporty,8,No,For sale,1.0.0,Yes,SocksTexSneakerin6,535,10008,8ttfsejMHiMv72kta
Nook Inc. socks,,,NA,No,NFS,2000,151,Yellow,Orange,1x1,400,Nook Miles,Nook Miles Redemption,,NA,NA,All Year,All Year,NA,Free,Active,Simple,everyday; outdoorsy; comfy,1,No,Not for sale,1.0.0,Yes,SocksTexBorderRco,1144,5629,9aX93qfqKjkA3Ah4F
nordic socks,,,Gray,No,840,210,51,Gray,Black,1x1,NA,NA,Able Sisters,Available from either Mabel's temporary shop or Able Sisters shop,Winter (shopping),No,Winter,Winter,NA,Free,Elegant,Simple,everyday; outdoorsy; comfy,1,No,For sale,1.0.0,Yes,SocksTexNordic4,542,9892,MBjHJKaxWHn8hJyeQ
nordic socks,,,Red,No,840,210,51,Red,Black,1x1,NA,NA,Able Sisters,Available from either Mabel's temporary shop or Able Sisters shop,Winter (shopping),No,Winter,Winter,Winter,Free,Elegant,Simple,everyday; outdoorsy; comfy,2,No,For sale,1.0.0,Yes,SocksTexNordic2,542,9890,yKLbboCACLCSWPHmw
nordic socks,,,Green,No,840,210,51,Green,Black,1x1,NA,NA,Able Sisters,Available from either Mabel's temporary shop or Able Sisters shop,Winter (shopping),No,Winter,Winter,Winter,Free,Elegant,Simple,everyday; outdoorsy; comfy,3,No,For sale,1.0.0,Yes,SocksTexNordic5,542,9893,d9PWq3zpaRggPoN8R
nordic socks,,,Light blue,No,840,210,51,Aqua,Black,1x1,NA,NA,Able Sisters,Available from either Mabel's temporary shop or Able Sisters shop,Winter (shopping),No,Winter,Winter,NA,Free,Elegant,Simple,everyday; outdoorsy; comfy,4,No,For sale,1.0.0,Yes,SocksTexNordic6,542,9894,QAMoumSd9Fv7CwA6m
nordic socks,,,Blue,No,840,210,51,Blue,Black,1x1,NA,NA,Able Sisters,Available from either Mabel's temporary shop or Able Sisters shop,Winter (shopping),No,Winter,Winter,NA,Free,Elegant,Simple,everyday; outdoorsy; comfy,5,No,For sale,1.0.0,Yes,SocksTexNordic3,542,9891,x493oaGe4pAqW8Tue
nordic socks,,,Navy blue,No,840,210,51,Blue,Black,1x1,NA,NA,Able Sisters,Available from either Mabel's temporary shop or Able Sisters shop,Winter (shopping),No,Winter,Winter,NA,Free,Elegant,Simple,everyday; outdoorsy; comfy,6,No,For sale,1.0.0,Yes,SocksTexNordic0,542,4748,YQkah68GuwuXS2Gnv
nordic socks,,,Ivory,No,840,210,51,Beige,Black,1x1,NA,NA,Able Sisters,Available from either Mabel's temporary shop or Able Sisters shop,Winter (shopping),No,Winter,Winter,NA,Free,Elegant,Simple,everyday; outdoorsy; comfy,7,No,For sale,1.0.0,Yes,SocksTexNordic1,542,9889,HKdHEfY4v8cpzdGT2
patterned stockings,,,White,No,940,235,51,White,White,1x1,NA,NA,Able Sisters,Available from Able Sisters shop only,NA,NA,All Year,All Year,NA,Free,Elegant,Simple,everyday; formal; party; theatrical,1,No,For sale,1.0.0,Yes,SocksTexStripedot1,928,9674,bbZrafLMe87ifZ6yK
patterned stockings,,,Black,No,940,235,51,Black,Black,1x1,NA,NA,Able Sisters,Available from Able Sisters shop only,NA,NA,All Year,All Year,All Year,Free,Elegant,Simple,everyday; formal; party; theatrical,2,No,For sale,1.0.0,Yes,SocksTexStripedot0,928,6046,MPuQ9PxnjGgBdR4cr
pom-pom socks,,,Pink,No,720,180,51,Pink,White,1x1,NA,NA,Able Sisters,Available from Able Sisters shop only,Winter (shopping),No,Winter,Spring,NA,Free,Cute,Cute,everyday; fairy tale; comfy,1,No,For sale,1.0.0,Yes,SocksTexBobble0,611,5179,xTxpqcYovDS7R4brm
pom-pom socks,,,Orange,No,720,180,51,Orange,White,1x1,NA,NA,Able Sisters,Available from Able Sisters shop only,Winter (shopping),No,Winter,Spring,NA,Free,Cute,Cute,everyday; fairy tale; comfy,2,No,For sale,1.0.0,Yes,SocksTexBobble3,611,9074,7cX6yDzovZqcytqYq
pom-pom socks,,,Green,No,720,180,51,Green,White,1x1,NA,NA,Able Sisters,Available from Able Sisters shop only,Winter (shopping),No,Winter,Spring,NA,Free,Cute,Cute,everyday; fairy tale; comfy,3,No,For sale,1.0.0,Yes,SocksTexBobble2,611,9073,sJ4i4vbxAsffiM4PS
pom-pom socks,,,Blue,No,720,180,51,Aqua,White,1x1,NA,NA,Able Sisters,Available from Able Sisters shop only,Winter (shopping),No,Winter,Spring,NA,Free,Cute,Cute,everyday; fairy tale; comfy,4,No,For sale,1.0.0,Yes,SocksTexBobble1,611,9072,X2Esyxf48CNDo7aS5
pom-pom socks,,,Purple,No,720,180,51,Purple,White,1x1,NA,NA,Able Sisters,Available from Able Sisters shop only,Winter (shopping),No,Winter,Spring,NA,Free,Cute,Cute,everyday; fairy tale; comfy,5,No,For sale,1.0.0,Yes,SocksTexBobble4,611,9075,p8pAsGdvNt3MhZJvQ
puckered socks,,,Red,No,600,150,51,Red,Red,1x1,NA,NA,Able Sisters,Available from Able Sisters shop only,NA,NA,All Year,Autumn,NA,Free,Elegant,Simple,everyday,1,No,For sale,1.0.0,Yes,SocksTexPucker1,622,9078,tqbtYmMFqJea5Ly4H
puckered socks,,,Mustard,No,600,150,51,Orange,Orange,1x1,NA,NA,Able Sisters,Available from Able Sisters shop only,NA,NA,All Year,Autumn,NA,Free,Elegant,Simple,everyday,2,No,For sale,1.0.0,Yes,SocksTexPucker0,622,5198,jHhnoh4uTuxvfrRoR
puckered socks,,,Green,No,600,150,51,Green,Green,1x1,NA,NA,Able Sisters,Available from Able Sisters shop only,NA,NA,All Year,Autumn,NA,Free,Elegant,Simple,everyday,3,No,For sale,1.0.0,Yes,SocksTexPucker3,622,9080,CBvB7JPEmJTEfBqHG
puckered socks,,,Blue,No,600,150,51,Blue,Blue,1x1,NA,NA,Able Sisters,Available from Able Sisters shop only,NA,NA,All Year,Autumn,NA,Free,Elegant,Simple,everyday,4,No,For sale,1.0.0,Yes,SocksTexPucker2,622,9079,Qjs7aEzAyXkYiEx2j
puckered socks,,,Purple,No,600,150,51,Purple,Purple,1x1,NA,NA,Able Sisters,Available from Able Sisters shop only,NA,NA,All Year,Autumn,NA,Free,Elegant,Simple,everyday,5,No,For sale,1.0.0,Yes,SocksTexPucker4,622,9081,pEZh2BMo5Ht2z4Qdn
running tights,,,Pink,No,550,137,51,Black,Pink,1x1,NA,NA,Able Sisters,Available from either Mabel's temporary shop or Able Sisters shop,NA,NA,All Year,All Year,NA,Free,Active,Active,outdoorsy; sporty; work,1,No,For sale,1.0.0,Yes,SocksTexRun0,629,5214,vtfGv2xygxLpzEQ6c
running tights,,,Yellow,No,550,137,51,Black,Yellow,1x1,NA,NA,Able Sisters,Available from either Mabel's temporary shop or Able Sisters shop,NA,NA,All Year,All Year,NA,Free,Active,Active,outdoorsy; sporty; work,2,No,For sale,1.0.0,Yes,SocksTexRun1,629,9798,7cbeNaN77kh4PSrbn
running tights,,,Green,No,550,137,51,Black,Green,1x1,NA,NA,Able Sisters,Available from either Mabel's temporary shop or Able Sisters shop,NA,NA,All Year,All Year,NA,Free,Active,Active,outdoorsy; sporty; work,3,No,For sale,1.0.0,Yes,SocksTexRun3,629,9800,4HnvYfdvg6WwwBz9u
running tights,,,Blue,No,550,137,51,Black,Blue,1x1,NA,NA,Able Sisters,Available from either Mabel's temporary shop or Able Sisters shop,NA,NA,All Year,All Year,All Year,Free,Active,Active,outdoorsy; sporty; work,4,No,For sale,1.0.0,Yes,SocksTexRun2,629,9799,4tutx5H5HC9TNWmFn
semi-opaque socks,,,Red,No,480,120,51,Red,Red,1x1,NA,NA,Able Sisters,Available from Able Sisters shop only,NA,NA,All Year,All Year,NA,Free,Elegant,Simple,everyday,1,No,For sale,1.0.0,Yes,SocksTexNuancesocks1,1060,10027,9y7L6GWXoiMhXgsnf
semi-opaque socks,,,Purple,No,480,120,51,Pink,Pink,1x1,NA,NA,Able Sisters,Available from Able Sisters shop only,NA,NA,All Year,All Year,NA,Free,Elegant,Simple,everyday,2,No,For sale,1.0.0,Yes,SocksTexNuancesocks4,1060,10030,fm5LhL9MfomtYc46n
semi-opaque socks,,,Camel,No,480,120,51,Yellow,Yellow,1x1,NA,NA,Able Sisters,Available from Able Sisters shop only,NA,NA,All Year,All Year,NA,Free,Elegant,Simple,everyday,3,No,For sale,1.0.0,Yes,SocksTexNuancesocks5,1060,10031,KLmZ9YcLY8dcH3nxQ
semi-opaque socks,,,Avocado,No,480,120,51,Green,Green,1x1,NA,NA,Able Sisters,Available from Able Sisters shop only,NA,NA,All Year,All Year,NA,Free,Elegant,Simple,everyday,4,No,For sale,1.0.0,Yes,SocksTexNuancesocks6,1060,10032,eDjvXAE53RX4Y4uRb
semi-opaque socks,,,Green,No,480,120,51,Green,Green,1x1,NA,NA,Able Sisters,Available from Able Sisters shop only,NA,NA,All Year,All Year,NA,Free,Elegant,Simple,everyday,5,No,For sale,1.0.0,Yes,SocksTexNuancesocks0,1060,9644,aDd9YECbDwxmdtYRN
semi-opaque socks,,,Blue,No,480,120,51,Blue,Blue,1x1,NA,NA,Able Sisters,Available from Able Sisters shop only,NA,NA,All Year,All Year,NA,Free,Elegant,Simple,everyday,6,No,For sale,1.0.0,Yes,SocksTexNuancesocks2,1060,10028,cuQ2Efgb8W3eYPQMr
semi-opaque socks,,,Navy blue,No,480,120,51,Purple,Purple,1x1,NA,NA,Able Sisters,Available from Able Sisters shop only,NA,NA,All Year,All Year,NA,Free,Elegant,Simple,everyday,7,No,For sale,1.0.0,Yes,SocksTexNuancesocks3,1060,10029,sqE8jqYCHjdpHJLD5
semi-opaque socks,,,Brown,No,480,120,51,Brown,Brown,1x1,NA,NA,Able Sisters,Available from Able Sisters shop only,NA,NA,All Year,All Year,NA,Free,Elegant,Simple,everyday,8,No,For sale,1.0.0,Yes,SocksTexNuancesocks7,1060,10033,seWE9o2TE28kpMDjm
semi-opaque tights,,,Red,No,720,180,51,Red,Red,1x1,NA,NA,Able Sisters,Available from Able Sisters shop only,NA,NA,All Year,All Year,NA,Free,Elegant,Simple,everyday,1,No,For sale,1.0.0,Yes,SocksTexNuancetights6,1049,9680,SG5Y2GgkbZ3bfrKzG
semi-opaque tights,,,Pink,No,720,180,51,Pink,Pink,1x1,NA,NA,Able Sisters,Available from Able Sisters shop only,NA,NA,All Year,All Year,NA,Free,Elegant,Simple,everyday,2,No,For sale,1.0.0,Yes,SocksTexNuancetights5,1049,9679,g4dSGvzNvZLb5woZ2
semi-opaque tights,,,Brown,No,720,180,51,Orange,Orange,1x1,NA,NA,Able Sisters,Available from Able Sisters shop only,NA,NA,All Year,All Year,NA,Free,Elegant,Simple,everyday,3,No,For sale,1.0.0,Yes,SocksTexNuancetights0,1049,9580,4tvCsLmAJBucyRFh4
semi-opaque tights,,,Yellow,No,720,180,51,Yellow,Yellow,1x1,NA,NA,Able Sisters,Available from Able Sisters shop only,NA,NA,All Year,All Year,NA,Free,Elegant,Simple,everyday,4,No,For sale,1.0.0,Yes,SocksTexNuancetights1,1049,9675,wrzsLNreDDJSx9rcv
semi-opaque tights,,,Yellow-green,No,720,180,51,Green,Green,1x1,NA,NA,Able Sisters,Available from Able Sisters shop only,NA,NA,All Year,All Year,NA,Free,Elegant,Simple,everyday,5,No,For sale,1.0.0,Yes,SocksTexNuancetights7,1049,9681,Z36xyWkyy3QY6egTc
semi-opaque tights,,,Green,No,720,180,51,Green,Green,1x1,NA,NA,Able Sisters,Available from Able Sisters shop only,NA,NA,All Year,All Year,NA,Free,Elegant,Simple,everyday,6,No,For sale,1.0.0,Yes,SocksTexNuancetights2,1049,9676,dybLNTRi3jQvD8Tdq
semi-opaque tights,,,Blue,No,720,180,51,Blue,Blue,1x1,NA,NA,Able Sisters,Available from Able Sisters shop only,NA,NA,All Year,All Year,Winter,Free,Elegant,Simple,everyday,7,No,For sale,1.0.0,Yes,SocksTexNuancetights4,1049,9678,GtaHiEpq7oDHgytbC
semi-opaque tights,,,Purple,No,720,180,51,Purple,Purple,1x1,NA,NA,Able Sisters,Available from Able Sisters shop only,NA,NA,All Year,All Year,NA,Free,Elegant,Simple,everyday,8,No,For sale,1.0.0,Yes,SocksTexNuancetights3,1049,9677,TQaSHhuiZi36xa2Jx
sequin leggings,,,White,No,940,235,23,White,White,1x1,NA,NA,Kicks; Kicks' Co-op,,NA,NA,All Year,All Year,NA,Free,Gorgeous,Gorgeous,party; theatrical,1,No,For sale,1.0.0,Yes,SocksTexSequins4,537,11583,Mp6tw5WGZKDfC3r9Q
sequin leggings,,,Black,No,940,235,23,Black,Black,1x1,NA,NA,Kicks; Kicks' Co-op,,NA,NA,All Year,All Year,NA,Free,Gorgeous,Gorgeous,party; theatrical,2,No,For sale,1.0.0,Yes,SocksTexSequins2,537,11581,LYwjTYKtgGPanWj78
sequin leggings,,,Red,No,940,235,23,Red,Red,1x1,NA,NA,Kicks; Kicks' Co-op,,NA,NA,All Year,All Year,NA,Free,Gorgeous,Gorgeous,party; theatrical,3,No,For sale,1.0.0,Yes,SocksTexSequins1,537,11580,Jk6c6Hi3y4tWEsGmb
sequin leggings,,,Pink,No,940,235,23,Pink,Pink,1x1,NA,NA,Kicks; Kicks' Co-op,,NA,NA,All Year,All Year,NA,Free,Gorgeous,Gorgeous,party; theatrical,4,No,For sale,1.0.0,Yes,SocksTexSequins0,537,4743,pKRC3yY3R5RkyxY5x
sequin leggings,,,Yellow,No,940,235,23,Yellow,Yellow,1x1,NA,NA,Kicks; Kicks' Co-op,,NA,NA,All Year,All Year,NA,Free,Gorgeous,Gorgeous,party; theatrical,5,No,For sale,1.0.0,Yes,SocksTexSequins3,537,11582,Esh9SXsXcdtLvBaNY
sequin leggings,,,Green,No,940,235,23,Green,Green,1x1,NA,NA,Kicks; Kicks' Co-op,,NA,NA,All Year,All Year,NA,Free,Gorgeous,Gorgeous,party; theatrical,6,No,For sale,1.0.0,Yes,SocksTexSequins7,537,11586,J53GKGigQmiYbR92q
sequin leggings,,,Blue,No,940,235,23,Blue,Blue,1x1,NA,NA,Kicks; Kicks' Co-op,,NA,NA,All Year,All Year,NA,Free,Gorgeous,Gorgeous,party; theatrical,7,No,For sale,1.0.0,Yes,SocksTexSequins5,537,11584,CN7jyWoBhp9yTgyC6
sequin leggings,,,Purple,No,940,235,23,Purple,Purple,1x1,NA,NA,Kicks; Kicks' Co-op,,NA,NA,All Year,All Year,NA,Free,Gorgeous,Gorgeous,party; theatrical,8,No,For sale,1.0.0,Yes,SocksTexSequins6,537,11585,NQtAZA8S9JxtKcuvJ
sheer socks,,,Gray,No,600,150,23,Gray,Gray,1x1,NA,NA,Kicks; Kicks' Co-op,,Fall (shopping),Yes,Fall,Autumn,NA,Free,Elegant,Cute,everyday; formal; party,1,No,For sale,1.0.0,Yes,SocksTexSeethrough5,886,9932,38sduqDDHJFtnAfuF
sheer socks,,,Berry red,No,600,150,23,Red,Red,1x1,NA,NA,Kicks; Kicks' Co-op,,Fall (shopping),Yes,Fall,Autumn,NA,Free,Elegant,Cute,everyday; formal; party,2,No,For sale,1.0.0,Yes,SocksTexSeethrough1,886,9928,vwEun3iFbpAxkN9YM
sheer socks,,,Green,No,600,150,23,Green,Green,1x1,NA,NA,Kicks; Kicks' Co-op,,Fall (shopping),Yes,Fall,Autumn,NA,Free,Elegant,Cute,everyday; formal; party,3,No,For sale,1.0.0,Yes,SocksTexSeethrough3,886,9930,j7pziPZTkZveBAuPv
sheer socks,,,Olive,No,600,150,23,Green,Green,1x1,NA,NA,Kicks; Kicks' Co-op,,Fall (shopping),Yes,Fall,Autumn,NA,Free,Elegant,Cute,everyday; formal; party,4,No,For sale,1.0.0,Yes,SocksTexSeethrough4,886,9931,WNq5e8Fxyh8xiXGQx
sheer socks,,,Blue,No,600,150,23,Blue,Blue,1x1,NA,NA,Kicks; Kicks' Co-op,,Fall (shopping),Yes,Fall,Autumn,NA,Free,Elegant,Cute,everyday; formal; party,5,No,For sale,1.0.0,Yes,SocksTexSeethrough0,886,5812,nMjTv2ajZrHaFzWcJ
sheer socks,,,Brown,No,600,150,23,Brown,Brown,1x1,NA,NA,Kicks; Kicks' Co-op,,Fall (shopping),Yes,Fall,Autumn,NA,Free,Elegant,Cute,everyday; formal; party,6,No,For sale,1.0.0,Yes,SocksTexSeethrough2,886,9929,Yg79sKrkCuNmim6Lh
simple knee-high socks,,,White,No,600,150,23,White,White,1x1,NA,NA,Kicks; Kicks' Co-op,,NA,NA,All Year,All Year,NA,Free,Cute,Simple,everyday,1,No,For sale,1.0.0,Yes,SocksTexSimpleknee1,1189,12182,XtJFPeWuftyf2oPz4
simple knee-high socks,,,Red,No,600,150,23,Red,Red,1x1,NA,NA,Kicks; Kicks' Co-op,,NA,NA,All Year,All Year,NA,Free,Cute,Simple,everyday,2,No,For sale,1.0.0,Yes,SocksTexSimpleknee2,1189,12183,RGA5qnS5QpyYE9YMo
simple knee-high socks,,,Pink,No,600,150,23,Pink,Pink,1x1,NA,NA,Kicks; Kicks' Co-op,,NA,NA,All Year,All Year,NA,Free,Cute,Simple,everyday,3,No,For sale,1.0.0,Yes,SocksTexSimpleknee0,1189,12175,zFnCYaxy784dqgR64
simple knee-high socks,,,Blue,No,600,150,23,Aqua,Aqua,1x1,NA,NA,Kicks; Kicks' Co-op,,NA,NA,All Year,All Year,NA,Free,Cute,Simple,everyday,4,No,For sale,1.0.0,Yes,SocksTexSimpleknee3,1189,12184,SxXnBrRAxfq3x28sc
simple-accent socks,,,White,No,720,180,51,White,Black,1x1,NA,NA,Able Sisters,Available from either Mabel's temporary shop or Able Sisters shop,NA,NA,All Year,Spring,Summer,Free,Simple,Simple,everyday; formal,1,No,For sale,1.0.0,Yes,SocksTexOnepoint2,624,9083,oDiizez3yxj6HtyQr
simple-accent socks,,,Gray,No,720,180,51,Gray,Aqua,1x1,NA,NA,Able Sisters,Available from either Mabel's temporary shop or Able Sisters shop,NA,NA,All Year,Spring,NA,Free,Simple,Simple,everyday; formal,2,No,For sale,1.0.0,Yes,SocksTexOnepoint3,624,9084,og9QPp6jXLwv9RfEZ
simple-accent socks,,,Black,No,720,180,51,Black,White,1x1,NA,NA,Able Sisters,Available from either Mabel's temporary shop or Able Sisters shop,NA,NA,All Year,Spring,NA,Free,Simple,Simple,everyday; formal,3,No,For sale,1.0.0,Yes,SocksTexOnepoint1,624,9082,aF6MoJRq25nmozuqJ
simple-accent socks,,,Red,No,720,180,51,Red,Black,1x1,NA,NA,Able Sisters,Available from either Mabel's temporary shop or Able Sisters shop,NA,NA,All Year,Spring,NA,Free,Simple,Simple,everyday; formal,4,No,For sale,1.0.0,Yes,SocksTexOnepoint6,624,9087,4sozM46zqJys5bcFt
simple-accent socks,,,Pink,No,720,180,51,Pink,White,1x1,NA,NA,Able Sisters,Available from either Mabel's temporary shop or Able Sisters shop,NA,NA,All Year,Spring,NA,Free,Simple,Simple,everyday; formal,5,No,For sale,1.0.0,Yes,SocksTexOnepoint7,624,9088,ZKHg7YC8qTrpLm76X
simple-accent socks,,,Orange,No,720,180,51,Orange,Yellow,1x1,NA,NA,Able Sisters,Available from either Mabel's temporary shop or Able Sisters shop,NA,NA,All Year,Spring,All Year,Free,Simple,Simple,everyday; formal,6,No,For sale,1.0.0,Yes,SocksTexOnepoint5,624,9086,AYXDKak7MRoKKJ24J
simple-accent socks,,,Navy blue,No,720,180,51,Blue,Red,1x1,NA,NA,Able Sisters,Available from either Mabel's temporary shop or Able Sisters shop,NA,NA,All Year,Spring,Summer,Free,Simple,Simple,everyday; formal,7,No,For sale,1.0.0,Yes,SocksTexOnepoint0,624,5200,pXiEbRv6KpRzR2HhF
simple-accent socks,,,Blue,No,720,180,51,Blue,Aqua,1x1,NA,NA,Able Sisters,Available from either Mabel's temporary shop or Able Sisters shop,NA,NA,All Year,Spring,NA,Free,Simple,Simple,everyday; formal,8,No,For sale,1.0.0,Yes,SocksTexOnepoint4,624,9085,4odTg8BmPySYZensZ
soccer socks,,,White,No,800,200,23,White,Black,1x1,NA,NA,Kicks; Kicks' Co-op,,NA,NA,All Year,All Year,NA,Free,Active,Active,sporty; work,1,No,For sale,1.0.0,Yes,SocksTexFootball6,609,9978,y72GvNAoswc8fgK6p
soccer socks,,,Black,No,800,200,23,Black,White,1x1,NA,NA,Kicks; Kicks' Co-op,,NA,NA,All Year,All Year,NA,Free,Active,Active,sporty; work,2,No,For sale,1.0.0,Yes,SocksTexFootball4,609,9976,kSEJpobnFBFviu4sX
soccer socks,,,Red,No,800,200,23,Red,White,1x1,NA,NA,Kicks; Kicks' Co-op,,NA,NA,All Year,All Year,NA,Free,Active,Active,sporty; work,3,No,For sale,1.0.0,Yes,SocksTexFootball1,609,9973,4QejjPC38oza2u98X
soccer socks,,,Orange,No,800,200,23,Orange,White,1x1,NA,NA,Kicks; Kicks' Co-op,,NA,NA,All Year,All Year,NA,Free,Active,Active,sporty; work,4,No,For sale,1.0.0,Yes,SocksTexFootball5,609,9977,tsnTTCg9bosbBLXpS
soccer socks,,,Green,No,800,200,23,Green,White,1x1,NA,NA,Kicks; Kicks' Co-op,,NA,NA,All Year,All Year,NA,Free,Active,Active,sporty; work,5,No,For sale,1.0.0,Yes,SocksTexFootball2,609,9974,zbWuXc2n8WYG7rnNY
soccer socks,,,Light blue,No,800,200,23,Aqua,White,1x1,NA,NA,Kicks; Kicks' Co-op,,NA,NA,All Year,All Year,NA,Free,Active,Active,sporty; work,6,No,For sale,1.0.0,Yes,SocksTexFootball3,609,9975,Mk4mRFChWdZxYsqcu
soccer socks,,,Blue,No,800,200,23,Blue,White,1x1,NA,NA,Kicks; Kicks' Co-op,,NA,NA,All Year,All Year,NA,Free,Active,Active,sporty; work,7,No,For sale,1.0.0,Yes,SocksTexFootball0,609,5177,xwcWvpsyxDjwwF7jt
spider-web tights,,,White,No,720,180,23,White,White,1x1,NA,NA,Kicks; Kicks' Co-op,,Fall (shopping),Yes,Fall,Autumn,NA,Free,Cool,Cool,goth; party; theatrical,1,No,For sale,1.0.0,Yes,SocksTexSpider1,627,9671,Q8ktndrSuTbgX4GWP
spider-web tights,,,Black,No,720,180,23,Black,Black,1x1,NA,NA,Kicks; Kicks' Co-op,,Fall (shopping),Yes,Fall,Autumn,NA,Free,Cool,Cool,goth; party; theatrical,2,No,For sale,1.0.0,Yes,SocksTexSpider0,627,5203,SR5g7wLo5uvQ9TaYe
spider-web tights,,,Orange,No,720,180,23,Orange,Orange,1x1,NA,NA,Kicks; Kicks' Co-op,,Fall (shopping),Yes,Fall,Autumn,NA,Free,Cool,Cool,goth; party; theatrical,3,No,For sale,1.0.0,Yes,SocksTexSpider2,627,9672,vbFcKTrEoZZ4EjYWC
spider-web tights,,,Purple,No,720,180,23,Purple,Purple,1x1,NA,NA,Kicks; Kicks' Co-op,,Fall (shopping),Yes,Fall,Autumn,NA,Free,Cool,Cool,goth; party; theatrical,4,No,For sale,1.0.0,Yes,SocksTexSpider3,627,9673,8GMMKmgvcPFx5z4sK
stockings,,,White,No,480,120,51,White,White,1x1,NA,NA,Able Sisters,Available from either Mabel's temporary shop or Able Sisters shop,NA,NA,All Year,Autumn,NA,Free,Simple,Simple,everyday; work,1,No,For sale,1.0.0,Yes,SocksTexTights2,47,9656,psXxbMdjsh7D9tHpQ
stockings,,,Gray,No,480,120,51,Gray,Gray,1x1,NA,NA,Able Sisters,Available from either Mabel's temporary shop or Able Sisters shop,NA,NA,All Year,Autumn,NA,Free,Simple,Simple,everyday; work,2,No,For sale,1.0.0,Yes,SocksTexTights1,47,9655,LcGtPT8D5FAwyTDeH
stockings,,,Black,No,480,120,51,Black,Black,1x1,NA,NA,Able Sisters,Available from either Mabel's temporary shop or Able Sisters shop,NA,NA,All Year,Autumn,NA,Free,Simple,Simple,everyday; work,3,No,For sale,1.0.0,Yes,SocksTexTights0,47,3095,2uXpSKSXayL8rWmwq
stockings,,,Brown,No,480,120,51,Brown,Brown,1x1,NA,NA,Able Sisters,Available from either Mabel's temporary shop or Able Sisters shop,NA,NA,All Year,Autumn,NA,Free,Simple,Simple,everyday; work,4,No,For sale,1.0.0,Yes,SocksTexTights3,47,9657,GnwPZXALfY7WD3FZh
stockings,,,Beige,No,480,120,51,Beige,Beige,1x1,NA,NA,Able Sisters,Available from either Mabel's temporary shop or Able Sisters shop,NA,NA,All Year,Autumn,All Year,Free,Simple,Simple,everyday; work,5,No,For sale,1.0.0,Yes,SocksTexTights4,47,9658,BBH3W3NDeZqwSizDY
stretch leggings,,,White,No,450,112,51,White,White,1x1,NA,NA,Able Sisters,Available from either Mabel's temporary shop or Able Sisters shop,NA,NA,All Year,All Year,NA,Free,Simple,Simple,everyday; outdoorsy; sporty,1,No,For sale,1.0.0,Yes,SocksTexLeggings3,538,9778,ERLTKc3eKLSNLN9eZ
stretch leggings,,,Gray,No,450,112,51,Gray,Gray,1x1,NA,NA,Able Sisters,Available from either Mabel's temporary shop or Able Sisters shop,NA,NA,All Year,All Year,All Year,Free,Simple,Simple,everyday; outdoorsy; sporty,2,No,For sale,1.0.0,Yes,SocksTexLeggings1,538,9776,6H8evYPQyriD32JQg
stretch leggings,,,Dark gray,No,450,112,51,Gray,Gray,1x1,NA,NA,Able Sisters,Available from either Mabel's temporary shop or Able Sisters shop,NA,NA,All Year,All Year,Summer,Free,Simple,Simple,everyday; outdoorsy; sporty,3,No,For sale,1.0.0,Yes,SocksTexLeggings2,538,9777,KSfWAQcAE6BqrYSRP
stretch leggings,,,Black,No,450,112,51,Black,Black,1x1,NA,NA,Able Sisters,Available from either Mabel's temporary shop or Able Sisters shop,NA,NA,All Year,All Year,All Year,Free,Simple,Simple,everyday; outdoorsy; sporty,4,No,For sale,1.0.0,Yes,SocksTexLeggings4,538,9779,jW9cCN469obn7jucv
stretch leggings,,,Green,No,450,112,51,Green,Green,1x1,NA,NA,Able Sisters,Available from either Mabel's temporary shop or Able Sisters shop,NA,NA,All Year,All Year,Winter,Free,Simple,Simple,everyday; outdoorsy; sporty,5,No,For sale,1.0.0,Yes,SocksTexLeggings6,538,9781,9Z3ddEpG4AYFQxaEj
stretch leggings,,,Navy blue,No,450,112,51,Blue,Blue,1x1,NA,NA,Able Sisters,Available from either Mabel's temporary shop or Able Sisters shop,NA,NA,All Year,All Year,NA,Free,Simple,Simple,everyday; outdoorsy; sporty,6,No,For sale,1.0.0,Yes,SocksTexLeggings0,538,4744,ixedzMQJwA7Zif56r
stretch leggings,,,Brown,No,450,112,51,Brown,Brown,1x1,NA,NA,Able Sisters,Available from either Mabel's temporary shop or Able Sisters shop,NA,NA,All Year,All Year,NA,Free,Simple,Simple,everyday; outdoorsy; sporty,7,No,For sale,1.0.0,Yes,SocksTexLeggings5,538,9780,SHRKAQav7w9yMQPag
striped socks,,,Monotone,No,600,150,51,Black,White,1x1,NA,NA,Able Sisters,Available from either Mabel's temporary shop or Able Sisters shop,NA,NA,All Year,All Year,NA,Free,Simple,Simple,everyday; comfy,1,No,For sale,1.0.0,Yes,SocksTexBorder0,623,5199,t9tggbKqbrE7cm7ZY
striped socks,,,Red,No,600,150,51,Red,White,1x1,NA,NA,Able Sisters,Available from either Mabel's temporary shop or Able Sisters shop,NA,NA,All Year,All Year,NA,Free,Simple,Simple,everyday; comfy,2,No,For sale,1.0.0,Yes,SocksTexBorder5,623,9999,2ECQP2p6gd3d2Xiqq
striped socks,,,Orange,No,600,150,51,Orange,White,1x1,NA,NA,Able Sisters,Available from either Mabel's temporary shop or Able Sisters shop,NA,NA,All Year,All Year,NA,Free,Simple,Simple,everyday; comfy,3,No,For sale,1.0.0,Yes,SocksTexBorder4,623,9998,EoL5z2pvu3WkYoENu
striped socks,,,Yellow,No,600,150,51,Yellow,White,1x1,NA,NA,Able Sisters,Available from either Mabel's temporary shop or Able Sisters shop,NA,NA,All Year,All Year,NA,Free,Simple,Simple,everyday; comfy,4,No,For sale,1.0.0,Yes,SocksTexBorder3,623,9997,LxMR9hdCLhn7g2Y9D
striped socks,,,Green,No,600,150,51,Green,White,1x1,NA,NA,Able Sisters,Available from either Mabel's temporary shop or Able Sisters shop,NA,NA,All Year,All Year,NA,Free,Simple,Simple,everyday; comfy,5,No,For sale,1.0.0,Yes,SocksTexBorder2,623,9996,qSyP6Jt6tHYQR3vEN
striped socks,,,Light blue,No,600,150,51,Aqua,White,1x1,NA,NA,Able Sisters,Available from either Mabel's temporary shop or Able Sisters shop,NA,NA,All Year,All Year,NA,Free,Simple,Simple,everyday; comfy,6,No,For sale,1.0.0,Yes,SocksTexBorder1,623,6902,rbnvg68hfQu4YFrWn
striped socks,,,Blue,No,600,150,51,Blue,White,1x1,NA,NA,Able Sisters,Available from either Mabel's temporary shop or Able Sisters shop,NA,NA,All Year,All Year,NA,Free,Simple,Simple,everyday; comfy,7,No,For sale,1.0.0,Yes,SocksTexBorder7,623,10001,v4aS6bX6iZQm5vbzM
striped socks,,,Purple,No,600,150,51,Purple,White,1x1,NA,NA,Able Sisters,Available from either Mabel's temporary shop or Able Sisters shop,NA,NA,All Year,All Year,NA,Free,Simple,Simple,everyday; comfy,8,No,For sale,1.0.0,Yes,SocksTexBorder6,623,10000,XXHrJMsWnq2SuvFGz
striped tights,,,Gray,No,720,180,51,Gray,Black,1x1,NA,NA,Able Sisters,Available from Able Sisters shop only,NA,NA,All Year,All Year,NA,Free,Gorgeous,Gorgeous,party; theatrical,1,No,For sale,1.0.0,Yes,SocksTexStripe1,927,9937,fCNB87FXmS7cJJtkQ
striped tights,,,Red,No,720,180,51,Red,Black,1x1,NA,NA,Able Sisters,Available from Able Sisters shop only,NA,NA,All Year,All Year,NA,Free,Gorgeous,Gorgeous,party; theatrical,2,No,For sale,1.0.0,Yes,SocksTexStripe0,927,6045,PNMohFRGwDWXGQ7r9
striped tights,,,Pink,No,720,180,51,Pink,Black,1x1,NA,NA,Able Sisters,Available from Able Sisters shop only,NA,NA,All Year,All Year,NA,Free,Gorgeous,Gorgeous,party; theatrical,3,No,For sale,1.0.0,Yes,SocksTexStripe2,927,9938,GjSvq9AEsbSj4L4ct
striped tights,,,Orange,No,720,180,51,Orange,Black,1x1,NA,NA,Able Sisters,Available from Able Sisters shop only,NA,NA,All Year,All Year,NA,Free,Gorgeous,Gorgeous,party; theatrical,4,No,For sale,1.0.0,Yes,SocksTexStripe7,927,9943,MFxpesNYcvptjTHHY
striped tights,,,Yellow,No,720,180,51,Yellow,Black,1x1,NA,NA,Able Sisters,Available from Able Sisters shop only,NA,NA,All Year,All Year,NA,Free,Gorgeous,Gorgeous,party; theatrical,5,No,For sale,1.0.0,Yes,SocksTexStripe4,927,9940,bxoHZt9xhQQAWnk6e
striped tights,,,Green,No,720,180,51,Green,Black,1x1,NA,NA,Able Sisters,Available from Able Sisters shop only,NA,NA,All Year,All Year,NA,Free,Gorgeous,Gorgeous,party; theatrical,6,No,For sale,1.0.0,Yes,SocksTexStripe6,927,9942,vx83ey5MNpgbkw7d8
striped tights,,,Light blue,No,720,180,51,Aqua,Black,1x1,NA,NA,Able Sisters,Available from Able Sisters shop only,NA,NA,All Year,All Year,NA,Free,Gorgeous,Gorgeous,party; theatrical,7,No,For sale,1.0.0,Yes,SocksTexStripe3,927,9939,ascM9HQW8zQ836QHZ
striped tights,,,Purple,No,720,180,51,Purple,Black,1x1,NA,NA,Able Sisters,Available from Able Sisters shop only,NA,NA,All Year,All Year,NA,Free,Gorgeous,Gorgeous,party; theatrical,8,No,For sale,1.0.0,Yes,SocksTexStripe5,927,9941,xjPhMuuZLe7g5nQux
tabi,,,White,No,1200,300,51,White,White,1x1,NA,NA,Able Sisters,Available from Able Sisters shop only,NA,NA,All Year,All Year,NA,Free,Simple,Simple,everyday; formal; party,1,No,For sale,1.0.0,Yes,SocksTexTabi0,543,4749,KfRLgXY6TYdMTrS8A
tabi,,,Black,No,1200,300,51,Black,Black,1x1,NA,NA,Able Sisters,Available from Able Sisters shop only,NA,NA,All Year,All Year,NA,Free,Simple,Simple,everyday; formal; party,2,No,For sale,1.0.0,Yes,SocksTexTabi1,543,8929,iph2HdeGDjsBYj8Yx
tabi,,,Navy blue,No,1200,300,51,Blue,Blue,1x1,NA,NA,Able Sisters,Available from Able Sisters shop only,NA,NA,All Year,All Year,NA,Free,Simple,Simple,everyday; formal; party,3,No,For sale,1.0.0,Yes,SocksTexTabi2,543,8930,brQgmrTHCaRLuxPrt
terry-cloth socks,,,Gray,No,600,150,51,Gray,White,1x1,NA,NA,Able Sisters,Available from either Mabel's temporary shop or Able Sisters shop,Winter (shopping),No,Winter,Winter,NA,Free,Cute,Cute,fairy tale; comfy,1,No,For sale,1.0.0,Yes,SocksTexFluffy6,613,9984,oWyAYb3Tm9QD65J8v
terry-cloth socks,,,Red,No,600,150,51,Red,White,1x1,NA,NA,Able Sisters,Available from either Mabel's temporary shop or Able Sisters shop,Winter (shopping),No,Winter,Winter,NA,Free,Cute,Cute,fairy tale; comfy,2,No,For sale,1.0.0,Yes,SocksTexFluffy5,613,9983,bQKLrkboL3tGTmJ5i
terry-cloth socks,,,Pink,No,600,150,51,Pink,White,1x1,NA,NA,Able Sisters,Available from either Mabel's temporary shop or Able Sisters shop,Winter (shopping),No,Winter,Winter,NA,Free,Cute,Cute,fairy tale; comfy,3,No,For sale,1.0.0,Yes,SocksTexFluffy0,613,5181,zG2c5nGSwNAtEYA24
terry-cloth socks,,,Green,No,600,150,51,Green,White,1x1,NA,NA,Able Sisters,Available from either Mabel's temporary shop or Able Sisters shop,Winter (shopping),No,Winter,Winter,NA,Free,Cute,Cute,fairy tale; comfy,4,No,For sale,1.0.0,Yes,SocksTexFluffy3,613,9981,J4oqoEe8hyEz9qBob
terry-cloth socks,,,Blue,No,600,150,51,Aqua,White,1x1,NA,NA,Able Sisters,Available from either Mabel's temporary shop or Able Sisters shop,Winter (shopping),No,Winter,Winter,NA,Free,Cute,Cute,fairy tale; comfy,5,No,For sale,1.0.0,Yes,SocksTexFluffy2,613,9980,hygdPjz55qgkjrdxz
terry-cloth socks,,,Purple,No,600,150,51,Purple,White,1x1,NA,NA,Able Sisters,Available from either Mabel's temporary shop or Able Sisters shop,Winter (shopping),No,Winter,Winter,NA,Free,Cute,Cute,fairy tale; comfy,6,No,For sale,1.0.0,Yes,SocksTexFluffy1,613,9979,kSPNXN3pQosJcuwgG
terry-cloth socks,,,Beige,No,600,150,51,Beige,White,1x1,NA,NA,Able Sisters,Available from either Mabel's temporary shop or Able Sisters shop,Winter (shopping),No,Winter,Winter,NA,Free,Cute,Cute,fairy tale; comfy,7,No,For sale,1.0.0,Yes,SocksTexFluffy4,613,9982,wtcZP59Bep5AdBvnW
tube socks,,,Red,No,480,120,51,White,Red,1x1,NA,NA,Able Sisters,Available from either Mabel's temporary shop or Able Sisters shop,NA,NA,All Year,All Year,NA,Free,Simple,Active,everyday; outdoorsy; sporty,1,No,For sale,1.0.0,Yes,SocksTexLine3,540,9968,R5s3b5xWWYSfshCR2
tube socks,,,Orange,No,480,120,51,White,Orange,1x1,NA,NA,Able Sisters,Available from either Mabel's temporary shop or Able Sisters shop,NA,NA,All Year,All Year,All Year,Free,Simple,Active,everyday; outdoorsy; sporty,2,No,For sale,1.0.0,Yes,SocksTexLine1,540,9966,uKZ6dMzWnvFWRds6j
tube socks,,,Green,No,480,120,51,White,Green,1x1,NA,NA,Able Sisters,Available from either Mabel's temporary shop or Able Sisters shop,NA,NA,All Year,All Year,NA,Free,Simple,Active,everyday; outdoorsy; sporty,3,No,For sale,1.0.0,Yes,SocksTexLine2,540,9967,jSogLE7tMPqgbgYqm
tube socks,,,Blue,No,480,120,51,White,Blue,1x1,NA,NA,Able Sisters,Available from either Mabel's temporary shop or Able Sisters shop,NA,NA,All Year,All Year,NA,Free,Simple,Active,everyday; outdoorsy; sporty,4,No,For sale,1.0.0,Yes,SocksTexLine0,540,4746,xoupDJWYgiuYScJjP
tube socks,,,Berry red,No,480,120,51,Gray,Red,1x1,NA,NA,Able Sisters,Available from either Mabel's temporary shop or Able Sisters shop,NA,NA,All Year,All Year,NA,Free,Simple,Active,everyday; outdoorsy; sporty,5,No,For sale,1.0.0,Yes,SocksTexLine5,540,9970,5KWePAFBtAZXKMZk2
tube socks,,,Dark green,No,480,120,51,Gray,Green,1x1,NA,NA,Able Sisters,Available from either Mabel's temporary shop or Able Sisters shop,NA,NA,All Year,All Year,NA,Free,Simple,Active,everyday; outdoorsy; sporty,6,No,For sale,1.0.0,Yes,SocksTexLine6,540,9971,t9Q2Hk6RbHFt7ph5t
tube socks,,,Navy blue,No,480,120,51,Gray,Blue,1x1,NA,NA,Able Sisters,Available from either Mabel's temporary shop or Able Sisters shop,NA,NA,All Year,All Year,NA,Free,Simple,Active,everyday; outdoorsy; sporty,7,No,For sale,1.0.0,Yes,SocksTexLine4,540,9969,BuvT97X2dh9FY2BYf
tube socks,,,Purple,No,480,120,51,Gray,Purple,1x1,NA,NA,Able Sisters,Available from either Mabel's temporary shop or Able Sisters shop,NA,NA,All Year,All Year,NA,Free,Simple,Active,everyday; outdoorsy; sporty,8,No,For sale,1.0.0,Yes,SocksTexLine7,540,9972,PnoczFigxSjbCZwA2
ultra no-show socks,,,White,No,480,120,51,White,White,1x1,NA,NA,Able Sisters,Available from either Mabel's temporary shop or Able Sisters shop,NA,NA,All Year,Summer,NA,Free,Simple,Active,everyday; outdoorsy; sporty,1,No,For sale,1.0.0,Yes,SocksTexFootcover7,600,10016,oMaoadYMsSq69Wwim
ultra no-show socks,,,Black,No,480,120,51,Black,Black,1x1,NA,NA,Able Sisters,Available from either Mabel's temporary shop or Able Sisters shop,NA,NA,All Year,Summer,NA,Free,Simple,Active,everyday; outdoorsy; sporty,2,No,For sale,1.0.0,Yes,SocksTexFootcover6,600,10015,oCkrAgFbomNriMJY3
ultra no-show socks,,,Pink,No,480,120,51,Pink,Pink,1x1,NA,NA,Able Sisters,Available from either Mabel's temporary shop or Able Sisters shop,NA,NA,All Year,Summer,NA,Free,Simple,Active,everyday; outdoorsy; sporty,3,No,For sale,1.0.0,Yes,SocksTexFootcover1,600,10010,2ifRj79NaD3X4wXAR
ultra no-show socks,,,Olive,No,480,120,51,Green,Green,1x1,NA,NA,Able Sisters,Available from either Mabel's temporary shop or Able Sisters shop,NA,NA,All Year,Summer,NA,Free,Simple,Active,everyday; outdoorsy; sporty,4,No,For sale,1.0.0,Yes,SocksTexFootcover3,600,10012,rQG8qATgfDzfi392j
ultra no-show socks,,,Green,No,480,120,51,Green,Green,1x1,NA,NA,Able Sisters,Available from either Mabel's temporary shop or Able Sisters shop,NA,NA,All Year,Summer,NA,Free,Simple,Active,everyday; outdoorsy; sporty,5,No,For sale,1.0.0,Yes,SocksTexFootcover4,600,10013,wKeAGu8o4PcjQ47EF
ultra no-show socks,,,Blue,No,480,120,51,Blue,Blue,1x1,NA,NA,Able Sisters,Available from either Mabel's temporary shop or Able Sisters shop,NA,NA,All Year,Summer,NA,Free,Simple,Active,everyday; outdoorsy; sporty,6,No,For sale,1.0.0,Yes,SocksTexFootcover0,600,5167,EMiBarZr7cxvEFmmF
ultra no-show socks,,,Purple,No,480,120,51,Purple,Purple,1x1,NA,NA,Able Sisters,Available from either Mabel's temporary shop or Able Sisters shop,NA,NA,All Year,Summer,NA,Free,Simple,Active,everyday; outdoorsy; sporty,7,No,For sale,1.0.0,Yes,SocksTexFootcover5,600,10014,2KsDq7dXnzAhT6YqC
ultra no-show socks,,,Brown,No,480,120,51,Brown,Brown,1x1,NA,NA,Able Sisters,Available from either Mabel's temporary shop or Able Sisters shop,NA,NA,All Year,Summer,NA,Free,Simple,Active,everyday; outdoorsy; sporty,8,No,For sale,1.0.0,Yes,SocksTexFootcover2,600,10011,ddE25Lais494tdxrR
vivid leggings,,,Red,No,450,112,51,Red,Red,1x1,NA,NA,Able Sisters,Available from Able Sisters shop only,NA,NA,All Year,All Year,NA,Free,Simple,Simple,outdoorsy; party; theatrical,1,No,For sale,1.0.0,Yes,SocksTexVividleggings2,1053,9802,srfYPBLHS6M55HMho
vivid leggings,,,Pink,No,450,112,51,Pink,Pink,1x1,NA,NA,Able Sisters,Available from Able Sisters shop only,NA,NA,All Year,All Year,NA,Free,Simple,Simple,outdoorsy; party; theatrical,2,No,For sale,1.0.0,Yes,SocksTexVividleggings3,1053,9803,hPKNndPanerKb6ZNS
vivid leggings,,,Orange,No,450,112,51,Orange,Orange,1x1,NA,NA,Able Sisters,Available from Able Sisters shop only,NA,NA,All Year,All Year,NA,Free,Simple,Simple,outdoorsy; party; theatrical,3,No,For sale,1.0.0,Yes,SocksTexVividleggings7,1053,9807,yanC6fx5Xfpr7ihup
vivid leggings,,,Yellow,No,450,112,51,Yellow,Yellow,1x1,NA,NA,Able Sisters,Available from Able Sisters shop only,NA,NA,All Year,All Year,NA,Free,Simple,Simple,outdoorsy; party; theatrical,4,No,For sale,1.0.0,Yes,SocksTexVividleggings5,1053,9805,4NsYzSi2uTXWPcfS9
vivid leggings,,,Green,No,450,112,51,Green,Green,1x1,NA,NA,Able Sisters,Available from Able Sisters shop only,NA,NA,All Year,All Year,NA,Free,Simple,Simple,outdoorsy; party; theatrical,5,No,For sale,1.0.0,Yes,SocksTexVividleggings6,1053,9806,wdaxnZxvxHNHFRKWD
vivid leggings,,,Light blue,No,450,112,51,Aqua,Aqua,1x1,NA,NA,Able Sisters,Available from Able Sisters shop only,NA,NA,All Year,All Year,NA,Free,Simple,Simple,outdoorsy; party; theatrical,6,No,For sale,1.0.0,Yes,SocksTexVividleggings0,1053,9585,DGfxSf7iWuTH9AZ8c
vivid leggings,,,Blue,No,450,112,51,Blue,Blue,1x1,NA,NA,Able Sisters,Available from Able Sisters shop only,NA,NA,All Year,All Year,NA,Free,Simple,Simple,outdoorsy; party; theatrical,7,No,For sale,1.0.0,Yes,SocksTexVividleggings4,1053,9804,bY3ozoCphnPNSk9n2
vivid leggings,,,Purple,No,450,112,51,Purple,Purple,1x1,NA,NA,Able Sisters,Available from Able Sisters shop only,NA,NA,All Year,All Year,NA,Free,Simple,Simple,outdoorsy; party; theatrical,8,No,For sale,1.0.0,Yes,SocksTexVividleggings1,1053,9801,jvyWa8Rsq8xuwyRZf
vivid socks,,,Red,No,480,120,51,Red,Red,1x1,NA,NA,Able Sisters,Available from Able Sisters shop only,NA,NA,All Year,All Year,NA,Free,Simple,Simple,everyday; party; theatrical,1,No,For sale,1.0.0,Yes,SocksTexVividsocks0,1002,9643,Rxro87k8H8TrwQXPd
vivid socks,,,Pink,No,480,120,51,Pink,Pink,1x1,NA,NA,Able Sisters,Available from Able Sisters shop only,NA,NA,All Year,All Year,NA,Free,Simple,Simple,everyday; party; theatrical,2,No,For sale,1.0.0,Yes,SocksTexVividsocks5,1002,10024,zyPHqnaxf97p8Eoi7
vivid socks,,,Orange,No,480,120,51,Orange,Orange,1x1,NA,NA,Able Sisters,Available from Able Sisters shop only,NA,NA,All Year,All Year,NA,Free,Simple,Simple,everyday; party; theatrical,3,No,For sale,1.0.0,Yes,SocksTexVividsocks6,1002,10025,JEsGza6asSbSafpny
vivid socks,,,Yellow,No,480,120,51,Yellow,Yellow,1x1,NA,NA,Able Sisters,Available from Able Sisters shop only,NA,NA,All Year,All Year,NA,Free,Simple,Simple,everyday; party; theatrical,4,No,For sale,1.0.0,Yes,SocksTexVividsocks7,1002,10026,TFPJBkLBn2W6qvHBg
vivid socks,,,Green,No,480,120,51,Green,Green,1x1,NA,NA,Able Sisters,Available from Able Sisters shop only,NA,NA,All Year,All Year,NA,Free,Simple,Simple,everyday; party; theatrical,5,No,For sale,1.0.0,Yes,SocksTexStandard1,1002,6898,XbHAbJtk9itLL6dyw
vivid socks,,,Light blue,No,480,120,51,Aqua,Aqua,1x1,NA,NA,Able Sisters,Available from Able Sisters shop only,NA,NA,All Year,All Year,NA,Free,Simple,Simple,everyday; party; theatrical,6,No,For sale,1.0.0,Yes,SocksTexVividsocks2,1002,10021,sFiwGiyfM7W228Rgj
vivid socks,,,Blue,No,480,120,51,Blue,Blue,1x1,NA,NA,Able Sisters,Available from Able Sisters shop only,NA,NA,All Year,All Year,NA,Free,Simple,Simple,everyday; party; theatrical,7,No,For sale,1.0.0,Yes,SocksTexVividsocks3,1002,10022,XyvJ9o2uNuE5aD7cp
vivid socks,,,Purple,No,480,120,51,Purple,Purple,1x1,NA,NA,Able Sisters,Available from Able Sisters shop only,NA,NA,All Year,All Year,NA,Free,Simple,Simple,everyday; party; theatrical,8,No,For sale,1.0.0,Yes,SocksTexVividsocks4,1002,10023,FnwWCqqFdcHhjk3oc
vivid tights,,,Red,No,720,180,51,Red,Red,1x1,NA,NA,Able Sisters,Available from Able Sisters shop only,NA,NA,All Year,All Year,NA,Free,Simple,Simple,party; theatrical,1,No,For sale,1.0.0,Yes,SocksTexVividtights2,1051,9688,8jhmSZM88ZfjBfpGq
vivid tights,,,Pink,No,720,180,51,Pink,Pink,1x1,NA,NA,Able Sisters,Available from Able Sisters shop only,NA,NA,All Year,All Year,NA,Free,Simple,Simple,party; theatrical,2,No,For sale,1.0.0,Yes,SocksTexVividtights3,1051,9689,sG3bNkRZwchoYdELC
vivid tights,,,Orange,No,720,180,51,Orange,Orange,1x1,NA,NA,Able Sisters,Available from Able Sisters shop only,NA,NA,All Year,All Year,All Year,Free,Simple,Simple,party; theatrical,3,No,For sale,1.0.0,Yes,SocksTexVividtights7,1051,9693,yto8H9GL63QbRHstv
vivid tights,,,Yellow,No,720,180,51,Yellow,Yellow,1x1,NA,NA,Able Sisters,Available from Able Sisters shop only,NA,NA,All Year,All Year,NA,Free,Simple,Simple,party; theatrical,4,No,For sale,1.0.0,Yes,SocksTexVividtights5,1051,9691,aNew9qmcaiXhYs4TP
vivid tights,,,Green,No,720,180,51,Green,Green,1x1,NA,NA,Able Sisters,Available from Able Sisters shop only,NA,NA,All Year,All Year,NA,Free,Simple,Simple,party; theatrical,5,No,For sale,1.0.0,Yes,SocksTexVividtights6,1051,9692,zJDaR6fzSJnk3fP6q
vivid tights,,,Light blue,No,720,180,51,Aqua,Aqua,1x1,NA,NA,Able Sisters,Available from Able Sisters shop only,NA,NA,All Year,All Year,NA,Free,Simple,Simple,party; theatrical,6,No,For sale,1.0.0,Yes,SocksTexVividtights0,1051,9582,yamdxgmHzN5NEB4FX
vivid tights,,,Blue,No,720,180,51,Blue,Blue,1x1,NA,NA,Able Sisters,Available from Able Sisters shop only,NA,NA,All Year,All Year,NA,Free,Simple,Simple,party; theatrical,7,No,For sale,1.0.0,Yes,SocksTexVividtights4,1051,9690,a5TeestnouHpJzfS5
vivid tights,,,Purple,No,720,180,51,Purple,Purple,1x1,NA,NA,Able Sisters,Available from Able Sisters shop only,NA,NA,All Year,All Year,NA,Free,Simple,Simple,party; theatrical,8,No,For sale,1.0.0,Yes,SocksTexVividtights1,1051,9687,BwdAj9CGve2HkyoD6
wave-print socks,,,Gray,No,600,150,23,Black,Gray,1x1,NA,NA,Kicks; Kicks' Co-op,,NA,NA,All Year,All Year,NA,Free,Cool,Simple,everyday,1,No,For sale,1.0.0,Yes,SocksTexWave4,887,9936,pbQLWsjHhC4KZ9RrK
wave-print socks,,,Green,No,600,150,23,Green,Green,1x1,NA,NA,Kicks; Kicks' Co-op,,NA,NA,All Year,All Year,NA,Free,Cool,Simple,everyday,2,No,For sale,1.0.0,Yes,SocksTexWave3,887,9935,ivn7QK5oi2HAJjocA
wave-print socks,,,Blue,No,600,150,23,Blue,Aqua,1x1,NA,NA,Kicks; Kicks' Co-op,,NA,NA,All Year,All Year,NA,Free,Cool,Simple,everyday,3,No,For sale,1.0.0,Yes,SocksTexWave0,887,5813,dH74WoutZotxbpzxx
wave-print socks,,,Purple,No,600,150,23,Purple,Pink,1x1,NA,NA,Kicks; Kicks' Co-op,,NA,NA,All Year,All Year,NA,Free,Cool,Simple,everyday,4,No,For sale,1.0.0,Yes,SocksTexWave2,887,9934,Fodq95rD9FYWdxTWD
wave-print socks,,,Brown,No,600,150,23,Brown,Beige,1x1,NA,NA,Kicks; Kicks' Co-op,,NA,NA,All Year,All Year,NA,Free,Cool,Simple,everyday,5,No,For sale,1.0.0,Yes,SocksTexWave1,887,9933,PL58yC9hm87C7NE4u